       1                                         .title test45 - xu proof of concept code
       2                                
       3                                ;--
       4                                ;-- Copyright (c) 2008-2021 Sytse van Slooten
       5                                ;--
       6                                ;-- Permission is hereby granted to any person obtaining a copy of these VHDL source files and
       7                                ;-- other language source files and associated documentation files ("the materials") to use
       8                                ;-- these materials solely for personal, non-commercial purposes.
       9                                ;-- You are also granted permission to make changes to the materials, on the condition that this
      10                                ;-- copyright notice is retained unchanged.
      11                                ;--
      12                                ;-- The materials are distributed in the hope that they will be useful, but WITHOUT ANY WARRANTY;
      13                                ;-- without even the implied warranty of MERCHANTABILITY or FITNESS FOR A PARTICULAR PURPOSE.
      14                                ;--
      15                                ;
      16                                ;
      17                                ;
      18 000000 000167  000774                   jmp t45
      19                                ;
      20                                ; reserve space for vectors, stack space
      21                                ;
      22 000004                                  .blkw 376
      23                                ;
      24                                ; misc definitions
      25                                ;
      26 000011                         ht       = 11
      27 000012                         lf       = 12
      28 000015                         cr       = 15
      29 177776                         ps       = 177776
      30                                ;
      31                                ; encx24j600 names
      32                                ;
      33 000040                         rcru     = 40
      34 000042                         wcru     = 42
      35 000044                         bfsu     = 44
      36 000046                         bfcu     = 46
      37 000052                         wgpdata  = 52
      38 000054                         rrxdata  = 54
      39 000300                         b0sel    = 300
      40 000314                         setpktdec = 314
      41                                ;
      42 000000                         etxst    = 0
      43 000002                         etxlen   = 2
      44 000004                         erxst    = 4
      45 000006                         erxtail  = 6
      46 000032                         estat    = 32
      47 000036                         econ1    = 36
      48 000064                         erxfcon  = 64
      49 000066                         eudast   = 66
      50 000100                         macon1   = 100
      51 000156                         econ2    = 156
      52 000140                         maadr3   = 140
      53 000164                         eidled   = 164
      54 000210                         egpwrpt  = 210
      55 000212                         erxrdpt  = 212
      56                                ;
      57                                ; general purpose register definitions
      58                                ;
      59 000000                         r0       = %0
      60 000001                         r1       = %1
      61 000002                         r2       = %2
      62 000003                         r3       = %3
      63 000004                         r4       = %4
      64 000005                         r5       = %5
      65 000006                         r6       = %6
      66 000007                         r7       = %7
      67 000006                         sp       = %6
      68 000007                         pc       = %7
      69                                ;
      70                                ; macros
      71                                ;
      72                                         .macro xubl f,fl,t,tl                   ; xubl : busmaster device to dma bits from the xu cpu memory to the spi
      73                                         jsr    pc,xubl
      74                                         .word  f                                ; f  : from address - write to spi
      75                                         .word  fl                               ; fl : from length in bits, multiple of 8 (lower three bits are ignored)
      76                                         .word  t                                ; t  : to address - read from spi
      77                                         .word  tl                               ; tl : to length in bits, multiple of 8 (lower three bits are ignored)
      78                                         .endm
      79                                ;
      80                                         .macro xubm u,u18,x,l
      81                                         jsr    pc,xubm
      82                                         .word  u
      83                                         .word  u18
      84                                         .word  x
      85                                         .word  l
      86                                         .endm
      87                                ;
      88                                         .macro xasciz w
      89                                         jsr    pc,xasciz
      90                                         .asciz /w/
      91                                         .even
      92                                         .endm
      93                                ;
      94                                         .macro xascil w
      95                                         jsr    pc,xasciz
      96                                         .ascii /w/
      97                                         .asciz <15><12>
      98                                         .even
      99                                         .endm
     100                                ;
     101                                         .macro xascnl
     102                                         jsr    pc,xasciz
     103                                         .asciz <15><12>
     104                                         .even
     105                                         .endm
     106                                ;
     107                                         .macro xbhx w,l
     108                                         jsr    pc,xbhx
     109                                         .word  w
     110                                         .word  l
     111                                         .endm
     112                                ;
     113                                         .macro xwhx w,l
     114                                         jsr    pc,xwhx
     115                                         .word  w
     116                                         .word  l
     117                                         .endm
     118                                ;
     119                                ; start of code
     120                                ;
     121                                t45:
     122 001000 012737  000340  177776           mov    #340,@#177776          ; set psw prio to 7 - block interrupts
     123 001006 012706  001000                   mov    #1000,sp               ; setup stack
     124 001012 005067  014214                   clr    dogtick                ; clear watchdog count
     125 001016 012737  015136  000100           mov    #dog,@#100             ; setup vector for watchdog
     126 001024 012737  000340  000102           mov    #340,@#102             ; psw for watchdog vector
     127 001032 012737  000100  177546           mov    #100,@#177546          ; enable clock interrupt
     128                                ;
     129                                ; init ourselves
     130                                ;
     131 001040 004767  013724                   jsr    pc,init                ; setup variable values
     132 001044 004767  014052                   jsr    pc,waitabit            ; delay loop
     133                                         xascil <Hello, world: xu-cpu [t45] deuna microcode>
       1 001050 004767  013230                   jsr    pc,xasciz
       2 001054    110     145     154           .ascii /Hello, world: xu-cpu [t45] deuna microcode/
         001057    154     157     054  
         001062    040     167     157  
         001065    162     154     144  
         001070    072     040     170  
         001073    165     055     143  
         001076    160     165     040  
         001101    133     164     064  
         001104    065     135     040  
         001107    144     145     165  
         001112    156     141     040  
         001115    155     151     143  
         001120    162     157     143  
         001123    157     144     145  
       3 001126    015     012     000           .asciz <15><12>
       4 001131    000                           .even
     134 001132 004767  007722                   jsr    pc,initenc             ; contact the encx24j600 and reset it
     135                                ;
     136 001136 005037  177776                   clr    @#177776               ; clear psw - this enables the watchdog interrupts
     137                                ;
     138 001142 012737  004000  174510           mov    #4000,@#174510         ; pcsr0 - dni
     139 001150 005700                           tst    r0
     140 001152 001403                           beq    5$
     141 001154 005037  174512                   clr    @#174512               ; pcsr1 - state=reset
     142 001160 000404                           br     10$
     143                                5$:
     144 001162 012737  000002  174512           mov    #2,@#174512            ; pcsr1 - state=ready
     145 001170 000400                           br     10$
     146                                ;
     147                                ; main service loop - receive packets if we're running
     148                                ;
     149                                10$:
     150                                t45loop:
     151 001172 005067  014034                   clr    dogtick                ; need to do this every 10 seconds, or watchdog will cause reboot
     152                                11$:
     153 001176 005767  014016                   tst    running                ; in running state?
     154 001202 001446                           beq    12$                    ; no - jump
     155                                         ; queue/flow control: our RX ring only has 6 real slots. If the
     156                                         ; chip-side backlog (PKTCNT via ESTAT) is bigger than that, clear
     157                                         ; RXEN so the chip stops accepting new frames while we drain what
     158                                         ; it already has -- otherwise continuous real LAN traffic keeps
     159                                         ; recvdw set forever and we never catch up. Re-enabled below once
     160                                         ; the backlog is gone.
     161                                         xubl   restat,20,destat,20    ; peek chip-side backlog before draining
       1 001204 004767  011436                   jsr    pc,xubl
       2 001210 012442                           .word  restat                                ; restat  : from address - write to spi
       3 001212 000020                           .word  20                               ; 20 : from length in bits, multiple of 8 (lower three bits are ignored)
       4 001214 012444                           .word  destat                                ; destat  : to address - read from spi
       5 001216 000020                           .word  20                               ; 20 : to length in bits, multiple of 8 (lower three bits are ignored)
     162 001220 116767  011220  014360           movb   destat,pktcnt
     163 001226 005767  014354                   tst    pktcnt                 ; nothing queued at all?
     164 001232 001432                           beq    12$                    ; skip pktin entirely (avoids a second,
     165                                                                        ; redundant restat inside pktin itself)
     166                                                                        ; -- 12$ still checks/clears rxdis below,
     167                                                                        ; so a throttle from an earlier pass gets
     168                                                                        ; re-enabled correctly even on this path.
     169 001234 026727  014346  000006           cmp    pktcnt,#6              ; more queued than our ring can absorb this pass?
     170                                         ; NOTE: CMP src,dst computes src-dst; BLOS branches on src<=dst.
     171                                         ; Must be pktcnt (src) vs #6 (dst) so BLOS means pktcnt<=6 --
     172                                         ; the reversed order ("cmp #6,pktcnt") inverted the throttle.
     173 001242 101414                           blos   13$
     174 001244 005767  013752                   tst    rxdis
     175 001250 001011                           bne    13$                    ; already throttled
     176                                         xubl   cecon1,40              ; clear RXEN -- stop chip accepting new frames
       1 001252 004767  011370                   jsr    pc,xubl
       2 001256 012502                           .word  cecon1                                ; cecon1  : from address - write to spi
       3 001260 000040                           .word  40                               ; 40 : from length in bits, multiple of 8 (lower three bits are ignored)
       4 001262 000000                           .word                                  ;   : to address - read from spi
       5 001264 000000                           .word                                 ;  : to length in bits, multiple of 8 (lower three bits are ignored)
     177 001266 012767  000001  013726           mov    #1,rxdis
     178                                13$:
     179 001274 004767  006210                   jsr    pc,pktin               ; process input packets
     180 001300 005767  014060                   tst    recvdw                 ; did we do any work receiving?
     181 001304 001405                           beq    12$                    ; no - jump
     182 001306 052737  020000  174510           bis    #20000,@#174510        ; set rxi
     183 001314 000167  177652                   jmp    t45loop                ; see if there is another frame
     184                                12$:
     185 001320 005767  013676                   tst    rxdis                  ; were we throttling reception?
     186 001324 001421                           beq    20$
     187                                         ; Only re-enable RXEN when the chip backlog is actually gone.
     188                                         ; pktin bails with recvdw=0 when the 6-slot host ring is full
     189                                         ; (telnet/TCP) even though PKTCNT is still high -- re-enabling
     190                                         ; then flaps RXEN every loop pass.
     191                                         xubl   restat,20,destat,20
       1 001326 004767  011314                   jsr    pc,xubl
       2 001332 012442                           .word  restat                                ; restat  : from address - write to spi
       3 001334 000020                           .word  20                               ; 20 : from length in bits, multiple of 8 (lower three bits are ignored)
       4 001336 012444                           .word  destat                                ; destat  : to address - read from spi
       5 001340 000020                           .word  20                               ; 20 : to length in bits, multiple of 8 (lower three bits are ignored)
     192 001342 105767  011076                   tstb   destat
     193 001346 001010                           bne    20$                    ; still queued -- keep RXEN clear
     194                                         xubl   xecon1,40              ; re-enable RXEN -- backlog drained
       1 001350 004767  011272                   jsr    pc,xubl
       2 001354 012472                           .word  xecon1                                ; xecon1  : from address - write to spi
       3 001356 000040                           .word  40                               ; 40 : from length in bits, multiple of 8 (lower three bits are ignored)
       4 001360 000000                           .word                                  ;   : to address - read from spi
       5 001362 000000                           .word                                 ;  : to length in bits, multiple of 8 (lower three bits are ignored)
     195 001364 005067  013632                   clr    rxdis
     196                                20$:
     197                                ;
     198                                ; check if the chip is ok - reading the eidled register; this serves no particular purpose other than checking if we're still talking to the chip
     199                                ; if comms was lost - including removing the chip and reconnecting it - reset it and set it up so it will work again.
     200                                ;
     201 001370 005067  011054                   clr    deidled
     202                                         xubl   reidled,20,deidled,20
       1 001374 004767  011246                   jsr    pc,xubl
       2 001400 012446                           .word  reidled                                ; reidled  : from address - write to spi
       3 001402 000020                           .word  20                               ; 20 : from length in bits, multiple of 8 (lower three bits are ignored)
       4 001404 012450                           .word  deidled                                ; deidled  : to address - read from spi
       5 001406 000020                           .word  20                               ; 20 : to length in bits, multiple of 8 (lower three bits are ignored)
     203 001410 005767  011034                   tst    deidled
     204 001414 001402                           beq    21$
     205 001416 000167  000300                   jmp    t45poll
     206                                21$:
     207                                         xascil <cannot read eidled>
       1 001422 004767  012656                   jsr    pc,xasciz
       2 001426    143     141     156           .ascii /cannot read eidled/
         001431    156     157     164  
         001434    040     162     145  
         001437    141     144     040  
         001442    145     151     144  
         001445    154     145     144  
       3 001450    015     012     000           .asciz <15><12>
       4 001453    000                           .even
     208                                xrxreset:
     209 001454 005067  013542                   clr    rxdis                  ; throttle latch is meaningless across a chip re-init
     210                                ;         clr    @#174512               ; pcsr1 - state=reset  FIXME, this kills the software on bsd
     211 001460 004767  007374                   jsr    pc,initenc
     212 001464 004767  013432                   jsr    pc,waitabit
     213 001470 105767  011136                   tstb   wlaa+2                 ; check to see if the mac address was set
     214 001474 001017                           bne    22$
     215 001476 105767  011131                   tstb   wlaa+3
     216 001502 001014                           bne    22$
     217 001504 105767  011124                   tstb   wlaa+4
     218 001510 001011                           bne    22$
     219 001512 105767  011117                   tstb   wlaa+5
     220 001516 001006                           bne    22$
     221 001520 105767  011112                   tstb   wlaa+6
     222 001524 001003                           bne    22$
     223 001526 105767  011105                   tstb   wlaa+7
     224 001532 001436                           beq    23$
     225                                22$:
     226                                         xascil <restoring laa>        ; restore the mac address to what was set
       1 001534 004767  012544                   jsr    pc,xasciz
       2 001540    162     145     163           .ascii /restoring laa/
         001543    164     157     162  
         001546    151     156     147  
         001551    040     154     141  
         001554    141                  
       3 001555    015     012     000           .asciz <15><12>
       4                                         .even
     227                                         ; ENC424J600 stores the MAC fully byte-reversed across MAADR1H
     228                                         ; (canonical byte 1/OUI0) .. MAADR3L (canonical byte 6) --
     229                                         ; datasheet DS39935C Table 3-7. wlaa/dlaa conversion must be a
     230                                         ; full 6-byte reversal to match, not a partial swap.
     231 001560 116767  011053  011052           movb   wlaa+7,dlaa+0
     232 001566 116767  011044  011045           movb   wlaa+6,dlaa+1
     233 001574 116767  011035  011040           movb   wlaa+5,dlaa+2
     234 001602 116767  011026  011033           movb   wlaa+4,dlaa+3
     235 001610 116767  011017  011026           movb   wlaa+3,dlaa+4
     236 001616 116767  011010  011021           movb   wlaa+2,dlaa+5
     237 001624 004767  010716                   jsr    pc,setlaa
     238                                23$:
     239 001630 005767  013400                   tst    modebits
     240 001634 001417                           beq    24$
     241                                         xascil <restoring modebits>   ; restore the mode bits to what was set
       1 001636 004767  012442                   jsr    pc,xasciz
       2 001642    162     145     163           .ascii /restoring modebits/
         001645    164     157     162  
         001650    151     156     147  
         001653    040     155     157  
         001656    144     145     142  
         001661    151     164     163  
       3 001664    015     012     000           .asciz <15><12>
       4 001667    000                           .even
     242 001670 004767  012250                   jsr    pc,setmodebits
     243                                24$:
     244                                         xascil <chip reset>
       1 001674 004767  012404                   jsr    pc,xasciz
       2 001700    143     150     151           .ascii /chip reset/
         001703    160     040     162  
         001706    145     163     145  
         001711    164                  
       3 001712    015     012     000           .asciz <15><12>
       4 001715    000                           .even
     245 001716 000167  177250                   jmp    t45loop
     246                                ;
     247                                ; check for command from host
     248                                ;
     249                                30$:
     250                                t45poll:
     251 001722 004767  000122                   jsr    pc,pcsrsrv             ; check pcsr register for command from host
     252 001726 013700  174512                   mov    @#174512,r0            ; get status from register
     253 001732 042700  177760                   bic    #177760,r0             ;
     254 001736 005700                           tst    r0                     ; 0 - reset, which is not ok, but the host should act on it, not us
     255 001740 001002                           bne    32$
     256 001742 000167  177224                   jmp    t45loop                ; yes - jump
     257                                32$:
     258 001746 022700  000002                   cmp    #2,r0                  ; 2 - ready ie ok, but not running as in not yet had start command
     259 001752 001002                           bne    33$
     260 001754 000167  177212                   jmp    t45loop                ; yes - jump
     261                                33$:
     262 001760 022700  000003                   cmp    #3,r0                  ; 3 - running
     263 001764 001002                           bne    34$
     264 001766 000167  177200                   jmp    t45loop                ; yes - jump
     265                                34$:
     266                                         xasciz <pcsr1 value wrong : >
       1 001772 004767  012306                   jsr    pc,xasciz
       2 001776    160     143     163           .asciz /pcsr1 value wrong : /
         002001    162     061     040  
         002004    166     141     154  
         002007    165     145     040  
         002012    167     162     157  
         002015    156     147     040  
         002020    072     040     000  
       3 002023    000                           .even
     267                                         xwhx   174510,10
       1 002024 004767  012422                   jsr    pc,xwhx
       2 002030 174510                           .word  174510
       3 002032 000010                           .word  10
     268                                         xascil
       1 002034 004767  012244                   jsr    pc,xasciz
       2                                         .ascii //
       3 002040    015     012     000           .asciz <15><12>
       4 002043    000                           .even
     269 002044 000167  177122                   jmp    t45loop                ; FIXME, come up with something slightly more sensible
     270                                ;
     271                                ; pcsrsrv - service commands issued through the pcsr registers
     272                                ;
     273                                pcsrsrv:
     274 002050 013701  174510                   mov    @#174510,r1            ; #20 bit flags if a new command is in the register
     275                                ;
     276                                ; check if the reset bit is set in pcsr0
     277                                ;
     278 002054 032701  000040                   bit    #40,r1                 ; rset bit set?
     279 002060 001404                           beq    psv100                 ; no
     280 002062 105037  174510                   clrb   @#174510               ; reset rset bit - only a byte write to the low byte does this :-)
     281 002066 000167  176706                   jmp    t45                    ; not a reboot, but fairly close
     282                                ;
     283                                ; check if the #20 bit is set - this is a bit in an unused bit field of the original deuna, that xu uses to detect that pcsr0 was written into
     284                                ;
     285                                psv100:
     286 002072 032701  000020                   bit    #20,r1                 ; cmd written bit set?
     287 002076 001002                           bne    psv110                 ; yes
     288 002100 000167  000026                   jmp    psv900                 ; no
     289                                psv110:
     290 002104 105037  174510                   clrb   @#174510               ; reset flag bit - only a byte write to the low byte does this :-)
     291 002110 042701  177760                   bic    #177760,r1             ; mask off p0cmd bit field from pcsr0
     292 002114 010167  013110                   mov    r1,p0cmd               ; store it
     293 002120 006301                           asl    r1
     294 002122 062701  003106                   add    #ptab,r1               ; add code to base of jump table
     295 002126 011101                           mov    (r1),r1
     296 002130 004711                           jsr    pc,(r1)                ; call the service routine
     297                                psv900:
     298 002132 000207                           rts pc                        ; done
     299                                ;
     300                                ; nop : the real nop, command code 0
     301                                ;
     302                                crnop:
     303                                         xasciz <pcsr0 noop : >
       1 002134 004767  012144                   jsr    pc,xasciz
       2 002140    160     143     163           .asciz /pcsr0 noop : /
         002143    162     060     040  
         002146    156     157     157  
         002151    160     040     072  
         002154    040     000          
       3                                         .even
     304                                         xwhx   174510,2
       1 002156 004767  012270                   jsr    pc,xwhx
       2 002162 174510                           .word  174510
       3 002164 000002                           .word  2
     305                                         xascil
       1 002166 004767  012112                   jsr    pc,xasciz
       2                                         .ascii //
       3 002172    015     012     000           .asciz <15><12>
       4 002175    000                           .even
     306                                         ; ? manual says no-op, and dni bit not set
     307 002176 052737  004000  174510           bis    #4000,@#174510
     308 002204 000207                           rts    pc
     309                                ;
     310                                ; nop : other command codes
     311                                ;
     312                                conop:
     313                                         xasciz <pcsr0 noopx: >
       1 002206 004767  012072                   jsr    pc,xasciz
       2 002212    160     143     163           .asciz /pcsr0 noopx: /
         002215    162     060     040  
         002220    156     157     157  
         002223    160     170     072  
         002226    040     000          
       3                                         .even
     314                                         xwhx   174510,2
       1 002230 004767  012216                   jsr    pc,xwhx
       2 002234 174510                           .word  174510
       3 002236 000002                           .word  2
     315                                         xascil
       1 002240 004767  012040                   jsr    pc,xasciz
       2                                         .ascii //
       3 002244    015     012     000           .asciz <15><12>
       4 002247    000                           .even
     316 002250 052737  004000  174510           bis    #4000,@#174510
     317 002256 000207                           rts    pc
     318                                
     319                                ;
     320                                ; cmd 1
     321                                ;
     322                                c0001:
     323                                         xasciz <pcsr0 cmd1 get pcbb : >
       1 002260 004767  012020                   jsr    pc,xasciz
       2 002264    160     143     163           .asciz /pcsr0 cmd1 get pcbb : /
         002267    162     060     040  
         002272    143     155     144  
         002275    061     040     147  
         002300    145     164     040  
         002303    160     143     142  
         002306    142     040     072  
         002311    040     000          
       3 002313    000                           .even
     324                                         xwhx   174510,10
       1 002314 004767  012132                   jsr    pc,xwhx
       2 002320 174510                           .word  174510
       3 002322 000010                           .word  10
     325                                         xascil
       1 002324 004767  011754                   jsr    pc,xasciz
       2                                         .ascii //
       3 002330    015     012     000           .asciz <15><12>
       4 002333    000                           .even
     326 002334 013767  174514  013026           mov    @#174514,pcbbl
     327 002342 013767  174516  013022           mov    @#174516,pcbbh
     328 002350 052737  004000  174510           bis    #4000,@#174510            ; dni
     329 002356 000207                           rts    pc
     330                                ;
     331                                ; cmd 2
     332                                ;
     333                                c0010:                                 ; get cmd
     334                                         xasciz <pcsr0 cmd2 get cmd: >
       1 002360 004767  011720                   jsr    pc,xasciz
       2 002364    160     143     163           .asciz /pcsr0 cmd2 get cmd: /
         002367    162     060     040  
         002372    143     155     144  
         002375    062     040     147  
         002400    145     164     040  
         002403    143     155     144  
         002406    072     040     000  
       3 002411    000                           .even
     335                                         xwhx   174510,10
       1 002412 004767  012034                   jsr    pc,xwhx
       2 002416 174510                           .word  174510
       3 002420 000010                           .word  10
     336                                         xascil
       1 002422 004767  011656                   jsr    pc,xasciz
       2                                         .ascii //
       3 002426    015     012     000           .asciz <15><12>
       4 002431    000                           .even
     337                                
     338 002432 013767  174514  000012           mov    @#174514,10$
     339 002440 013767  174516  000006           mov    @#174516,11$
     340 002446 004767  010244                   jsr    pc,xubm
     341 002452 000000                  10$:     .word  0
     342 002454 000000                  11$:     .word  0
     343 002456 015374                           .word  pcbb
     344 002460 000010                           .word  10
     345                                         xasciz <pcbb  cmd2 : >
       1 002462 004767  011616                   jsr    pc,xasciz
       2 002466    160     143     142           .asciz /pcbb  cmd2 : /
         002471    142     040     040  
         002474    143     155     144  
         002477    062     040     072  
         002502    040     000          
       3                                         .even
     346                                         xwhx   pcbb,10
       1 002504 004767  011742                   jsr    pc,xwhx
       2 002510 015374                           .word  pcbb
       3 002512 000010                           .word  10
     347                                         xascil
       1 002514 004767  011564                   jsr    pc,xasciz
       2                                         .ascii //
       3 002520    015     012     000           .asciz <15><12>
       4 002523    000                           .even
     348 002524 116700  012644                   movb   pcbb,r0
     349 002530 122700  000026                   cmpb   #26,r0
     350 002534 002405                           blt    90$
     351 002536 006300                           asl    r0
     352 002540 062700  003146                   add    #fctbl,r0
     353 002544 011000                           mov    (r0),r0
     354 002546 004710                           jsr    pc,(r0)
     355                                90$:
     356 002550 000207                           rts    pc
     357                                ;
     358                                ; cmd 3 - self-test
     359                                ;
     360                                c0011:                                 ; self-test
     361 002552 052737  004000  174510           bis    #4000,@#174510            ; dni
     362 002560 000207                           rts    pc
     363                                ;
     364                                ; cmd 4 - start
     365                                ;
     366                                c0100:                                 ; start
     367                                         xasciz <pcsr0 START : >
       1 002562 004767  011516                   jsr    pc,xasciz
       2 002566    160     143     163           .asciz /pcsr0 START : /
         002571    162     060     040  
         002574    123     124     101  
         002577    122     124     040  
         002602    072     040     000  
       3 002605    000                           .even
     368                                         xwhx   174510,10
       1 002606 004767  011640                   jsr    pc,xwhx
       2 002612 174510                           .word  174510
       3 002614 000010                           .word  10
     369                                         xascil
       1 002616 004767  011462                   jsr    pc,xasciz
       2                                         .ascii //
       3 002622    015     012     000           .asciz <15><12>
       4 002625    000                           .even
     370 002626 012737  000003  174512           mov    #3,@#174512            ; set state to running, clear error bits if any
     371 002634 005767  012360                   tst    running
     372 002640 001022                           bne    90$                    ; was already running, skip resetting rings to start
     373 002642 012767  000001  012350           mov    #1,running             ; set state
     374                                ;
     375 002650 016767  012362  012422           mov    tdrbh,xcurrh              ; clear xcurr - manual 4-9
     376 002656 016767  012356  012416           mov    tdrbl,xcurrl
     377                                ;
     378 002664 016767  012362  012376           mov    rdrbh,rcurrh              ; clear rcurr - manual 4-9
     379 002672 016767  012356  012372           mov    rdrbl,rcurrl
     380                                ;
     381 002700 052737  004000  174510           bis    #4000,@#174510         ; dni
     382                                90$:
     383 002706 000207                           rts    pc
     384                                ;
     385                                ; cmd 5 - boot
     386                                ;
     387                                c0101:                                 ; boot
     388 002710 052737  004000  174510           bis    #4000,@#174510         ; dni
     389 002716 000207                           rts    pc
     390                                ;
     391                                ; cmd 8 - polling demand
     392                                ;
     393                                c1000:                                 ; pdmd
     394                                         ; REAL FIX added here (2026-08-29): p0cmd=4 (START, c0100) has
     395                                         ; never once dispatched across this entire session's real
     396                                         ; hardware logs -- confirmed exhaustively (full session logs,
     397                                         ; multiple shim versions, multiple xu.vhd variants, a real GHDL
     398                                         ; isolated-write-sequence test that DID trigger it cleanly). But
     399                                         ; p0cmd=8 (PDMD, this handler) fires reliably every single time,
     400                                         ; and TX already works unconditionally (xmitxx never checks
     401                                         ; running at all) -- PDMD activity is itself undeniable proof
     402                                         ; the guest considers the device in active service; there is no
     403                                         ; real scenario where the driver polls-demand a device it
     404                                         ; doesn't believe is running. Mirror c0100's own first-time
     405                                         ; setup here (rcurr/xcurr from rdrb/tdrb -- already correctly
     406                                         ; populated by fc11/WTRING, which does reliably dispatch every
     407                                         ; time) so RX processing (gated on running in the main service
     408                                         ; loop) actually gets enabled by real traffic, regardless of
     409                                         ; whatever the real root cause of START never dispatching turns
     410                                         ; out to be.
     411 002720 005767  012274                   tst    running
     412 002724 001022                           bne    05$                    ; already running, nothing to do
     413 002726 012767  000001  012264           mov    #1,running
     414 002734 016767  012276  012336           mov    tdrbh,xcurrh
     415 002742 016767  012272  012332           mov    tdrbl,xcurrl
     416 002750 016767  012276  012312           mov    rdrbh,rcurrh
     417 002756 016767  012272  012306           mov    rdrbl,rcurrl
     418 002764 012737  000003  174512           mov    #3,@#174512            ; pcsr1 - state=running, matching c0100
     419                                05$:
     420 002772 004767  003430                   jsr    pc,xmitpl              ; poll xmit ring
     421 002776 005767  012364                   tst    xmitdw
     422 003002 001403                           beq    10$
     423 003004 052737  010000  174510           bis    #10000,@#174510        ; txi --- FIXME, might not even be needed to set txi
     424                                ;         jsr pc,waitabit
     425                                10$:
     426 003012 052737  004000  174510           bis    #4000,@#174510         ; dni
     427 003020 000207                           rts    pc
     428                                ;
     429                                ; cmd 15 : stop
     430                                ;
     431                                c1111:                                 ; stop
     432                                         xasciz <pcsr0 STOP : >
       1 003022 004767  011256                   jsr    pc,xasciz
       2 003026    160     143     163           .asciz /pcsr0 STOP : /
         003031    162     060     040  
         003034    123     124     117  
         003037    120     040     072  
         003042    040     000          
       3                                         .even
     433                                         xwhx   174510,10
       1 003044 004767  011402                   jsr    pc,xwhx
       2 003050 174510                           .word  174510
       3 003052 000010                           .word  10
     434                                         xascil
       1 003054 004767  011224                   jsr    pc,xasciz
       2                                         .ascii //
       3 003060    015     012     000           .asciz <15><12>
       4 003063    000                           .even
     435 003064 005067  012130                   clr    running                ; set state
     436 003070 012737  000002  174512           mov    #2,@#174512            ; set state
     437 003076 052737  004000  174510           bis    #4000,@#174510         ; dni
     438 003104 000207                           rts    pc
     439                                ;
     440                                ; command branch table
     441                                ;
     442                                ptab:
     443 003106 002134                           .word  crnop                     ; 0
     444 003110 002260                           .word  c0001                     ; 1
     445 003112 002360                           .word  c0010                     ; 2
     446 003114 002552                           .word  c0011                     ; 3
     447 003116 002562                           .word  c0100                     ; 4
     448 003120 002710                           .word  c0101                     ; 5
     449 003122 002206                           .word  conop                     ; 6
     450 003124 002206                           .word  conop                     ; 7
     451 003126 002720                           .word  c1000                     ; 10
     452 003130 002206                           .word  conop                     ; 11
     453 003132 002206                           .word  conop                     ; 12
     454 003134 002206                           .word  conop                     ; 13
     455 003136 002206                           .word  conop                     ; 14
     456 003140 002206                           .word  conop                     ; 15
     457 003142 002206                           .word  conop                     ; 16
     458 003144 003022                           .word  c1111                     ; 17
     459                                ;
     460                                ; function branch table
     461                                ;
     462 003146 003226                  fctbl:   .word  fc0
     463 003150 003260                           .word  fc1
     464 003152 003322                           .word  fc2
     465 003154 003606                           .word  fc3
     466 003156 003652                           .word  fc4
     467 003160 004020                           .word  fc5
     468 003162 004166                           .word  fc6
     469 003164 004310                           .word  fc7
     470 003166 004770                           .word  fc10
     471 003170 005156                           .word  fc11
     472 003172 005552                           .word  fc12
     473 003174 005616                           .word  fc13
     474 003176 005674                           .word  fc14
     475 003200 005776                           .word  fc15
     476 003202 006122                           .word  fc16
     477 003204 006140                           .word  fc17
     478 003206 006156                           .word  fc20
     479 003210 006230                           .word  fc21
     480 003212 006302                           .word  fc22
     481 003214 006320                           .word  fc23
     482 003216 006336                           .word  fc24
     483 003220 006354                           .word  fc25
     484 003222 006372                           .word  fc26
     485 003224 006410                           .word  fc27
     486                                ;
     487                                ; fc0 - no-op
     488                                ;
     489                                fc0:
     490                                         xascil <fc0 - noop>
       1 003226 004767  011052                   jsr    pc,xasciz
       2 003232    146     143     060           .ascii /fc0 - noop/
         003235    040     055     040  
         003240    156     157     157  
         003243    160                  
       3 003244    015     012     000           .asciz <15><12>
       4 003247    000                           .even
     491 003250 052737  004000  174510           bis    #4000,@#174510            ; dni
     492 003256 000207                           rts    pc
     493                                ;
     494                                ; fc1
     495                                ;
     496                                fc1:
     497                                         xasciz <fc1 - load and start>
       1 003260 004767  011020                   jsr    pc,xasciz
       2 003264    146     143     061           .asciz /fc1 - load and start/
         003267    040     055     040  
         003272    154     157     141  
         003275    144     040     141  
         003300    156     144     040  
         003303    163     164     141  
         003306    162     164     000  
       3 003311    000                           .even
     498 003312 052737  040000  174510           bis    #40000,@#174510           ; pcei - this function is not implemented
     499 003320 000207                           rts    pc
     500                                ;
     501                                ; fc2
     502                                ;
     503                                fc2:
     504                                         xasciz <fc2 - read default physical address >
       1 003322 004767  010756                   jsr    pc,xasciz
       2 003326    146     143     062           .asciz /fc2 - read default physical address /
         003331    040     055     040  
         003334    162     145     141  
         003337    144     040     144  
         003342    145     146     141  
         003345    165     154     164  
         003350    040     160     150  
         003353    171     163     151  
         003356    143     141     154  
         003361    040     141     144  
         003364    144     162     145  
         003367    163     163     040  
         003372    000                  
       3 003373    000                           .even
     505 003374 004767  007366                   jsr    pc,getpcbb
     506                                ;
     507                                ; the bia is in crazy-chip format
     508                                ;
     509                                         xbhx   dbia+4,1
       1 003400 004767  010750                   jsr    pc,xbhx
       2 003404 012440                           .word  dbia+4
       3 003406 000001                           .word  1
     510                                         xasciz <:>
       1 003410 004767  010670                   jsr    pc,xasciz
       2 003414    072     000                   .asciz /:/
       3                                         .even
     511                                         xbhx   dbia+5,1
       1 003416 004767  010732                   jsr    pc,xbhx
       2 003422 012441                           .word  dbia+5
       3 003424 000001                           .word  1
     512                                         xasciz <:>
       1 003426 004767  010652                   jsr    pc,xasciz
       2 003432    072     000                   .asciz /:/
       3                                         .even
     513                                         xbhx   dbia+2,1
       1 003434 004767  010714                   jsr    pc,xbhx
       2 003440 012436                           .word  dbia+2
       3 003442 000001                           .word  1
     514                                         xasciz <:>
       1 003444 004767  010634                   jsr    pc,xasciz
       2 003450    072     000                   .asciz /:/
       3                                         .even
     515                                         xbhx   dbia+3,1
       1 003452 004767  010676                   jsr    pc,xbhx
       2 003456 012437                           .word  dbia+3
       3 003460 000001                           .word  1
     516                                         xasciz <:>
       1 003462 004767  010616                   jsr    pc,xasciz
       2 003466    072     000                   .asciz /:/
       3                                         .even
     517                                         xbhx   dbia+0,1
       1 003470 004767  010660                   jsr    pc,xbhx
       2 003474 012434                           .word  dbia+0
       3 003476 000001                           .word  1
     518                                         xasciz <:>
       1 003500 004767  010600                   jsr    pc,xasciz
       2 003504    072     000                   .asciz /:/
       3                                         .even
     519                                         xbhx   dbia+1,1
       1 003506 004767  010642                   jsr    pc,xbhx
       2 003512 012435                           .word  dbia+1
       3 003514 000001                           .word  1
     520                                         xascnl
       1 003516 004767  010562                   jsr    pc,xasciz
       2 003522    015     012     000           .asciz <15><12>
       3 003525    000                           .even
     521                                
     522 003526 116767  006706  011642           movb   dbia+4,pcbb+2
     523 003534 116767  006701  011635           movb   dbia+5,pcbb+3
     524 003542 116767  006670  011630           movb   dbia+2,pcbb+4
     525 003550 116767  006663  011623           movb   dbia+3,pcbb+5
     526 003556 116767  006652  011616           movb   dbia+0,pcbb+6
     527 003564 116767  006645  011611           movb   dbia+1,pcbb+7
     528                                
     529 003572 004767  007230                   jsr    pc,putpcbb
     530 003576 052737  004000  174510           bis    #4000,@#174510            ; dni
     531 003604 000207                           rts    pc
     532                                ;
     533                                ; fc3
     534                                ;
     535                                fc3:
     536                                         xascil <fc3 - no op function>
       1 003606 004767  010472                   jsr    pc,xasciz
       2 003612    146     143     063           .ascii /fc3 - no op function/
         003615    040     055     040  
         003620    156     157     040  
         003623    157     160     040  
         003626    146     165     156  
         003631    143     164     151  
         003634    157     156          
       3 003636    015     012     000           .asciz <15><12>
       4 003641    000                           .even
     537 003642 052737  004000  174510           bis    #4000,@#174510            ; dni, ach welja
     538 003650 000207                           rts    pc
     539                                ;
     540                                ; fc4
     541                                ;
     542                                fc4:
     543                                         xasciz <fc4 - read physical address >
       1 003652 004767  010426                   jsr    pc,xasciz
       2 003656    146     143     064           .asciz /fc4 - read physical address /
         003661    040     055     040  
         003664    162     145     141  
         003667    144     040     160  
         003672    150     171     163  
         003675    151     143     141  
         003700    154     040     141  
         003703    144     144     162  
         003706    145     163     163  
         003711    040     000          
       3 003713    000                           .even
     544 003714 004767  007046                   jsr    pc,getpcbb
     545 003720 116767  006714  011450           movb   dlaa+0,pcbb+2
     546 003726 116767  006707  011443           movb   dlaa+1,pcbb+3
     547 003734 116767  006702  011436           movb   dlaa+2,pcbb+4
     548 003742 116767  006675  011431           movb   dlaa+3,pcbb+5
     549 003750 116767  006670  011424           movb   dlaa+4,pcbb+6
     550 003756 116767  006663  011417           movb   dlaa+5,pcbb+7
     551                                         xbhx   pcbb+2,6
       1 003764 004767  010364                   jsr    pc,xbhx
       2 003770 015376                           .word  pcbb+2
       3 003772 000006                           .word  6
     552                                         xascil
       1 003774 004767  010304                   jsr    pc,xasciz
       2                                         .ascii //
       3 004000    015     012     000           .asciz <15><12>
       4 004003    000                           .even
     553 004004 004767  007016                   jsr    pc,putpcbb
     554 004010 052737  004000  174510           bis    #4000,@#174510            ; dni
     555 004016 000207                           rts    pc
     556                                ;
     557                                ; fc5
     558                                ;
     559                                fc5:
     560                                         xasciz <fc5 - write physical address >
       1 004020 004767  010260                   jsr    pc,xasciz
       2 004024    146     143     065           .asciz /fc5 - write physical address /
         004027    040     055     040  
         004032    167     162     151  
         004035    164     145     040  
         004040    160     150     171  
         004043    163     151     143  
         004046    141     154     040  
         004051    141     144     144  
         004054    162     145     163  
         004057    163     040     000  
       3                                         .even
     561 004062 004767  006700                   jsr    pc,getpcbb
     562 004066 116767  011304  006544           movb   pcbb+2,dlaa+0
     563 004074 116767  011277  006537           movb   pcbb+3,dlaa+1
     564 004102 116767  011272  006532           movb   pcbb+4,dlaa+2
     565 004110 116767  011265  006525           movb   pcbb+5,dlaa+3
     566 004116 116767  011260  006520           movb   pcbb+6,dlaa+4
     567 004124 116767  011253  006513           movb   pcbb+7,dlaa+5
     568                                         xbhx   dlaa,6
       1 004132 004767  010216                   jsr    pc,xbhx
       2 004136 012640                           .word  dlaa
       3 004140 000006                           .word  6
     569                                         xascil
       1 004142 004767  010136                   jsr    pc,xasciz
       2                                         .ascii //
       3 004146    015     012     000           .asciz <15><12>
       4 004151    000                           .even
     570 004152 004767  006370                   jsr    pc,setlaa
     571 004156 052737  004000  174510           bis    #4000,@#174510            ; dni
     572 004164 000207                           rts    pc
     573                                ;
     574                                ; fc6
     575                                ;
     576                                fc6:
     577                                         xascil <fc6 - read multicast address list>
       1 004166 004767  010112                   jsr    pc,xasciz
       2 004172    146     143     066           .ascii /fc6 - read multicast address list/
         004175    040     055     040  
         004200    162     145     141  
         004203    144     040     155  
         004206    165     154     164  
         004211    151     143     141  
         004214    163     164     040  
         004217    141     144     144  
         004222    162     145     163  
         004225    163     040     154  
         004230    151     163     164  
       3 004233    015     012     000           .asciz <15><12>
       4                                         .even
     578 004236 004767  006524                   jsr    pc,getpcbb
     579 004242 116700  011133                   movb   pcbb+5,r0
     580 004246 022700  000012                   cmp    #12,r0
     581 004252 002412                           blt    90$
     582 004254 010067  011124                   mov    r0,mltreq
     583 004260 005700                           tst    r0
     584 004262 001402                           beq    80$
     585 004264 004767  007534                   jsr    pc,putmlt
     586                                80$:
     587 004270 052737  004000  174510           bis    #4000,@#174510            ; dni
     588 004276 000207                           rts    pc
     589                                90$:
     590 004300 052737  044000  174510           bis    #44000,@#174510           ; pcei - error in req
     591 004306 000207                           rts    pc
     592                                ;
     593                                ; fc7
     594                                ;
     595                                fc7:
     596                                         xasciz <fc7 - write multicast address list >             ; FIXME, incomplete - the multicast list is ignored, only the mcen bit is set in the chip to match whether or not the list contains any entries at all             ; FIXME, incomplete
       1 004310 004767  007770                   jsr    pc,xasciz
       2 004314    146     143     067           .asciz /fc7 - write multicast address list /
         004317    040     055     040  
         004322    167     162     151  
         004325    164     145     040  
         004330    155     165     154  
         004333    164     151     143  
         004336    141     163     164  
         004341    040     141     144  
         004344    144     162     145  
         004347    163     163     040  
         004352    154     151     163  
         004355    164     040     000  
       3                                         .even
     597 004360 004767  006402                   jsr    pc,getpcbb
     598 004364 116700  011011                   movb   pcbb+5,r0
     599 004370 010067  011012                   mov    r0,mltlen
     600 004374 005700                           tst    r0
     601 004376 001014                           bne    20$
     602                                         xubl   cmcen,40
       1 004400 004767  006242                   jsr    pc,xubl
       2 004404 012542                           .word  cmcen                                ; cmcen  : from address - write to spi
       3 004406 000040                           .word  40                               ; 40 : from length in bits, multiple of 8 (lower three bits are ignored)
       4 004410 000000                           .word                                  ;   : to address - read from spi
       5 004412 000000                           .word                                 ;  : to length in bits, multiple of 8 (lower three bits are ignored)
     603                                         xasciz <clear>
       1 004414 004767  007664                   jsr    pc,xasciz
       2 004420    143     154     145           .asciz /clear/
         004423    141     162     000  
       3                                         .even
     604 004426 000544                           br     80$
     605                                20$:
     606 004430 022700  000012                   cmp    #12,r0
     607 004434 002551                           blt    90$
     608                                         xubl   smcen,40
       1 004436 004767  006204                   jsr    pc,xubl
       2 004442 012536                           .word  smcen                                ; smcen  : from address - write to spi
       3 004444 000040                           .word  40                               ; 40 : from length in bits, multiple of 8 (lower three bits are ignored)
       4 004446 000000                           .word                                  ;   : to address - read from spi
       5 004450 000000                           .word                                 ;  : to length in bits, multiple of 8 (lower three bits are ignored)
     609 004452 004767  007260                   jsr    pc,getmlt
     610                                         xwhx   mltlen,2
       1 004456 004767  007770                   jsr    pc,xwhx
       2 004462 015406                           .word  mltlen
       3 004464 000002                           .word  2
     611                                         xascil
       1 004466 004767  007612                   jsr    pc,xasciz
       2                                         .ascii //
       3 004472    015     012     000           .asciz <15><12>
       4 004475    000                           .even
     612                                         xasciz <fc7        : >
       1 004476 004767  007602                   jsr    pc,xasciz
       2 004502    146     143     067           .asciz /fc7        : /
         004505    040     040     040  
         004510    040     040     040  
         004513    040     040     072  
         004516    040     000          
       3                                         .even
     613                                         xbhx   mltlist,14
       1 004520 004767  007630                   jsr    pc,xbhx
       2 004524 015410                           .word  mltlist
       3 004526 000014                           .word  14
     614                                         xascil
       1 004530 004767  007550                   jsr    pc,xasciz
       2                                         .ascii //
       3 004534    015     012     000           .asciz <15><12>
       4 004537    000                           .even
     615                                         xasciz <fc7        : >
       1 004540 004767  007540                   jsr    pc,xasciz
       2 004544    146     143     067           .asciz /fc7        : /
         004547    040     040     040  
         004552    040     040     040  
         004555    040     040     072  
         004560    040     000          
       3                                         .even
     616                                         xbhx   mltlist+14,14
       1 004562 004767  007566                   jsr    pc,xbhx
       2 004566 015424                           .word  mltlist+14
       3 004570 000014                           .word  14
     617                                         xascil
       1 004572 004767  007506                   jsr    pc,xasciz
       2                                         .ascii //
       3 004576    015     012     000           .asciz <15><12>
       4 004601    000                           .even
     618                                         xasciz <fc7        : >
       1 004602 004767  007476                   jsr    pc,xasciz
       2 004606    146     143     067           .asciz /fc7        : /
         004611    040     040     040  
         004614    040     040     040  
         004617    040     040     072  
         004622    040     000          
       3                                         .even
     619                                         xbhx   mltlist+30,14
       1 004624 004767  007524                   jsr    pc,xbhx
       2 004630 015440                           .word  mltlist+30
       3 004632 000014                           .word  14
     620                                         xascil
       1 004634 004767  007444                   jsr    pc,xasciz
       2                                         .ascii //
       3 004640    015     012     000           .asciz <15><12>
       4 004643    000                           .even
     621                                         xasciz <fc7        : >
       1 004644 004767  007434                   jsr    pc,xasciz
       2 004650    146     143     067           .asciz /fc7        : /
         004653    040     040     040  
         004656    040     040     040  
         004661    040     040     072  
         004664    040     000          
       3                                         .even
     622                                         xbhx   mltlist+44,14
       1 004666 004767  007462                   jsr    pc,xbhx
       2 004672 015454                           .word  mltlist+44
       3 004674 000014                           .word  14
     623                                         xascil
       1 004676 004767  007402                   jsr    pc,xasciz
       2                                         .ascii //
       3 004702    015     012     000           .asciz <15><12>
       4 004705    000                           .even
     624                                         xasciz <fc7        : >
       1 004706 004767  007372                   jsr    pc,xasciz
       2 004712    146     143     067           .asciz /fc7        : /
         004715    040     040     040  
         004720    040     040     040  
         004723    040     040     072  
         004726    040     000          
       3                                         .even
     625                                         xbhx   mltlist+60,14
       1 004730 004767  007420                   jsr    pc,xbhx
       2 004734 015470                           .word  mltlist+60
       3 004736 000014                           .word  14
     626                                ;         xascil
     627                                ;         xasciz <fc7        : >
     628                                ;         xbhx   mltlist+74,14
     629                                80$:
     630                                         xascil
       1 004740 004767  007340                   jsr    pc,xasciz
       2                                         .ascii //
       3 004744    015     012     000           .asciz <15><12>
       4 004747    000                           .even
     631 004750 052737  004000  174510           bis    #4000,@#174510            ; dni
     632 004756 000207                           rts    pc
     633                                90$:
     634 004760 052737  044000  174510           bis    #44000,@#174510           ; pcei - error in req
     635 004766 000207                           rts    pc
     636                                ;
     637                                ; fc10
     638                                ;
     639                                fc10:
     640                                         xascil <fc10 - read ring format >
       1 004770 004767  007310                   jsr    pc,xasciz
       2 004774    146     143     061           .ascii /fc10 - read ring format /
         004777    060     040     055  
         005002    040     162     145  
         005005    141     144     040  
         005010    162     151     156  
         005013    147     040     146  
         005016    157     162     155  
         005021    141     164     040  
       3 005024    015     012     000           .asciz <15><12>
       4 005027    000                           .even
     641 005030 004767  005732                   jsr    pc,getpcbb
     642                                ;
     643 005034 016767  010200  010444           mov    tdrbl,udbb
     644 005042 016767  010170  010440           mov    tdrbh,udbb+2
     645 005050 116767  010166  010433           movb   telen,udbb+3
     646 005056 016767  010162  010426           mov    trlen,udbb+4
     647 005064 016767  010164  010422           mov    rdrbl,udbb+6
     648 005072 016767  010154  010416           mov    rdrbh,udbb+10
     649 005100 116767  010152  010411           movb   relen,udbb+11
     650 005106 016767  010146  010404           mov    rrlen,udbb+12
     651                                ;
     652                                         xwhx   udbb,14
       1 005114 004767  007332                   jsr    pc,xwhx
       2 005120 015506                           .word  udbb
       3 005122 000014                           .word  14
     653                                         xascil
       1 005124 004767  007154                   jsr    pc,xasciz
       2                                         .ascii //
       3 005130    015     012     000           .asciz <15><12>
       4 005133    000                           .even
     654                                ;
     655 005134 012767  000014  010342           mov    #14,udbblen
     656 005142 004767  005760                   jsr    pc,putudbb
     657 005146 052737  004000  174510           bis    #4000,@#174510            ; dni
     658 005154 000207                           rts    pc
     659                                ;
     660                                ; fc11
     661                                ;
     662                                fc11:
     663                                         xasciz <fc11 - write ring format >
       1 005156 004767  007122                   jsr    pc,xasciz
       2 005162    146     143     061           .asciz /fc11 - write ring format /
         005165    061     040     055  
         005170    040     167     162  
         005173    151     164     145  
         005176    040     162     151  
         005201    156     147     040  
         005204    146     157     162  
         005207    155     141     164  
         005212    040     000          
       3                                         .even
     664 005214 004767  005546                   jsr    pc,getpcbb
     665                                ;
     666 005220 012767  000014  010256           mov    #14,udbblen
     667 005226 004767  005634                   jsr    pc,getudbb
     668                                         xwhx   udbb,14
       1 005232 004767  007214                   jsr    pc,xwhx
       2 005236 015506                           .word  udbb
       3 005240 000014                           .word  14
     669                                         xascil
       1 005242 004767  007036                   jsr    pc,xasciz
       2                                         .ascii //
       3 005246    015     012     000           .asciz <15><12>
       4 005251    000                           .even
     670                                ;
     671 005252 016767  010230  007760           mov    udbb,tdrbl
     672 005260 042767  000001  007752           bic    #1,tdrbl
     673 005266 016767  010216  007742           mov    udbb+2,tdrbh
     674 005274 042767  177774  007734           bic    #177774,tdrbh
     675 005302 116700  010203                   movb   udbb+3,r0
     676 005306 010067  007730                   mov    r0,telen
     677 005312 016767  010174  007724           mov    udbb+4,trlen
     678 005320 016767  010170  007726           mov    udbb+6,rdrbl
     679 005326 042767  000001  007720           bic    #1,rdrbl
     680 005334 016767  010156  007710           mov    udbb+10,rdrbh
     681 005342 042767  177774  007702           bic    #177774,rdrbh
     682 005350 116700  010143                   movb   udbb+11,r0
     683 005354 010067  007676                   mov    r0,relen
     684 005360 016767  010134  007672           mov    udbb+12,rrlen
     685 005366 052737  004000  174510           bis    #4000,@#174510            ; dni
     686                                ;
     687 005374 016767  007636  007676           mov    tdrbh,xcurrh              ; clear xcurr
     688 005402 016767  007632  007672           mov    tdrbl,xcurrl
     689                                ;
     690 005410 016767  007636  007652           mov    rdrbh,rcurrh              ; clear rcurr
     691 005416 016767  007632  007646           mov    rdrbl,rcurrl
     692                                ;
     693                                ; setup pointers to last buffer
     694                                ;
     695 005424 016767  007606  007614           mov    tdrbh,tdrmxh
     696 005432 016767  007602  007610           mov    tdrbl,tdrmxl
     697                                
     698 005440 016700  007600                   mov    trlen,r0
     699 005444 005300                           dec    r0
     700                                10$:
     701 005446 066767  007570  007574           add    telen,tdrmxl
     702 005454 005567  007566                   adc    tdrmxh
     703 005460 066767  007556  007562           add    telen,tdrmxl
     704 005466 005567  007554                   adc    tdrmxh
     705 005472 005300                           dec    r0
     706 005474 001364                           bne    10$
     707                                
     708 005476 016767  007550  007556           mov    rdrbh,rdrmxh
     709 005504 016767  007544  007552           mov    rdrbl,rdrmxl
     710                                
     711 005512 016700  007542                   mov    rrlen,r0
     712 005516 005300                           dec    r0
     713                                20$:
     714 005520 066767  007532  007536           add    relen,rdrmxl
     715 005526 005567  007530                   adc    rdrmxh
     716 005532 066767  007520  007524           add    relen,rdrmxl
     717 005540 005567  007516                   adc    rdrmxh
     718 005544 005300                           dec    r0
     719 005546 001364                           bne    20$
     720                                
     721 005550 000207                           rts    pc
     722                                ;
     723                                ; fc12
     724                                ;
     725                                fc12:
     726                                         xascil <fc12 - read counters>
       1 005552 004767  006526                   jsr    pc,xasciz
       2 005556    146     143     061           .ascii /fc12 - read counters/
         005561    062     040     055  
         005564    040     162     145  
         005567    141     144     040  
         005572    143     157     165  
         005575    156     164     145  
         005600    162     163          
       3 005602    015     012     000           .asciz <15><12>
       4 005605    000                           .even
     727 005606 052737  004000  174510           bis    #4000,@#174510            ; dni
     728 005614 000207                           rts    pc
     729                                ;
     730                                ; fc13
     731                                ;
     732                                fc13:
     733                                         xascil <fc13 - read and clear counters>
       1 005616 004767  006462                   jsr    pc,xasciz
       2 005622    146     143     061           .ascii /fc13 - read and clear counters/
         005625    063     040     055  
         005630    040     162     145  
         005633    141     144     040  
         005636    141     156     144  
         005641    040     143     154  
         005644    145     141     162  
         005647    040     143     157  
         005652    165     156     164  
         005655    145     162     163  
       3 005660    015     012     000           .asciz <15><12>
       4 005663    000                           .even
     734 005664 052737  004000  174510           bis    #4000,@#174510            ; dni
     735 005672 000207                           rts    pc
     736                                ;
     737                                ; fc14
     738                                ;
     739                                fc14:
     740                                         xasciz <fc14 - read mode bits >
       1 005674 004767  006404                   jsr    pc,xasciz
       2 005700    146     143     061           .asciz /fc14 - read mode bits /
         005703    064     040     055  
         005706    040     162     145  
         005711    141     144     040  
         005714    155     157     144  
         005717    145     040     142  
         005722    151     164     163  
         005725    040     000          
       3 005727    000                           .even
     741                                         xwhx   modebits,2
       1 005730 004767  006516                   jsr    pc,xwhx
       2 005734 015234                           .word  modebits
       3 005736 000002                           .word  2
     742                                         xascil
       1 005740 004767  006340                   jsr    pc,xasciz
       2                                         .ascii //
       3 005744    015     012     000           .asciz <15><12>
       4 005747    000                           .even
     743 005750 004767  005012                   jsr    pc,getpcbb
     744 005754 016767  007254  007414           mov    modebits,pcbb+2
     745 005762 004767  005040                   jsr    pc,putpcbb
     746 005766 052737  004000  174510           bis    #4000,@#174510            ; dni
     747 005774 000207                           rts    pc
     748                                ;
     749                                ; fc15
     750                                ;
     751                                fc15:
     752                                         xasciz <fc15 - write mode bits >
       1 005776 004767  006302                   jsr    pc,xasciz
       2 006002    146     143     061           .asciz /fc15 - write mode bits /
         006005    065     040     055  
         006010    040     167     162  
         006013    151     164     145  
         006016    040     155     157  
         006021    144     145     040  
         006024    142     151     164  
         006027    163     040     000  
       3                                         .even
     753                                         xwhx   modebits,2
       1 006032 004767  006414                   jsr    pc,xwhx
       2 006036 015234                           .word  modebits
       3 006040 000002                           .word  2
     754                                         xasciz ^/ -> /
       1 006042 004767  006236                   jsr    pc,xasciz
       2 006046    040     055     076           .asciz / -> /
         006051    040     000          
       3 006053    000                           .even
     755 006054 004767  004706                   jsr    pc,getpcbb
     756 006060 016767  007312  007146           mov    pcbb+2,modebits
     757                                         xwhx   modebits,2
       1 006066 004767  006360                   jsr    pc,xwhx
       2 006072 015234                           .word  modebits
       3 006074 000002                           .word  2
     758                                         xascil
       1 006076 004767  006202                   jsr    pc,xasciz
       2                                         .ascii //
       3 006102    015     012     000           .asciz <15><12>
       4 006105    000                           .even
     759                                ;
     760 006106 004767  006032                   jsr    pc,setmodebits
     761                                ;
     762 006112 052737  004000  174510           bis    #4000,@#174510            ; dni
     763 006120 000207                           rts    pc
     764                                ;
     765                                ; fc16
     766                                ;
     767                                fc16:
     768                                         xascil <fc16>
       1 006122 004767  006156                   jsr    pc,xasciz
       2 006126    146     143     061           .ascii /fc16/
         006131    066                  
       3 006132    015     012     000           .asciz <15><12>
       4 006135    000                           .even
     769 006136 000207                           rts    pc
     770                                ;
     771                                ; fc17
     772                                ;
     773                                fc17:
     774                                         xascil <fc17>
       1 006140 004767  006140                   jsr    pc,xasciz
       2 006144    146     143     061           .ascii /fc17/
         006147    067                  
       3 006150    015     012     000           .asciz <15><12>
       4 006153    000                           .even
     775 006154 000207                           rts    pc
     776                                ;
     777                                ; fc20
     778                                ;
     779                                fc20:
     780                                         xascil <fc20 - dump internal memory>
       1 006156 004767  006122                   jsr    pc,xasciz
       2 006162    146     143     062           .ascii /fc20 - dump internal memory/
         006165    060     040     055  
         006170    040     144     165  
         006173    155     160     040  
         006176    151     156     164  
         006201    145     162     156  
         006204    141     154     040  
         006207    155     145     155  
         006212    157     162     171  
       3 006215    015     012     000           .asciz <15><12>
       4                                         .even
     781 006220 052737  044000  174510           bis    #44000,@#174510           ; pcei - this function is not implemented
     782 006226 000207                           rts    pc
     783                                ;
     784                                ; fc21
     785                                ;
     786                                fc21:
     787                                         xascil <fc21 - load internal memory>
       1 006230 004767  006050                   jsr    pc,xasciz
       2 006234    146     143     062           .ascii /fc21 - load internal memory/
         006237    061     040     055  
         006242    040     154     157  
         006245    141     144     040  
         006250    151     156     164  
         006253    145     162     156  
         006256    141     154     040  
         006261    155     145     155  
         006264    157     162     171  
       3 006267    015     012     000           .asciz <15><12>
       4                                         .even
     788 006272 052737  044000  174510           bis    #44000,@#174510           ; pcei - this function is not implemented
     789 006300 000207                           rts    pc
     790                                ;
     791                                ; fc22
     792                                ;
     793                                fc22:
     794                                         xascil <fc22>
       1 006302 004767  005776                   jsr    pc,xasciz
       2 006306    146     143     062           .ascii /fc22/
         006311    062                  
       3 006312    015     012     000           .asciz <15><12>
       4 006315    000                           .even
     795 006316 000207                           rts    pc
     796                                ;
     797                                ; fc23
     798                                ;
     799                                fc23:
     800                                         xascil <fc23>
       1 006320 004767  005760                   jsr    pc,xasciz
       2 006324    146     143     062           .ascii /fc23/
         006327    063                  
       3 006330    015     012     000           .asciz <15><12>
       4 006333    000                           .even
     801 006334 000207                           rts    pc
     802                                ;
     803                                ; fc24
     804                                ;
     805                                fc24:
     806                                         xascil <fc24>
       1 006336 004767  005742                   jsr    pc,xasciz
       2 006342    146     143     062           .ascii /fc24/
         006345    064                  
       3 006346    015     012     000           .asciz <15><12>
       4 006351    000                           .even
     807 006352 000207                           rts    pc
     808                                ;
     809                                ; fc25
     810                                ;
     811                                fc25:
     812                                         xascil <fc25>
       1 006354 004767  005724                   jsr    pc,xasciz
       2 006360    146     143     062           .ascii /fc25/
         006363    065                  
       3 006364    015     012     000           .asciz <15><12>
       4 006367    000                           .even
     813 006370 000207                           rts    pc
     814                                ;
     815                                ; fc26
     816                                ;
     817                                fc26:
     818                                         xascil <fc26>
       1 006372 004767  005706                   jsr    pc,xasciz
       2 006376    146     143     062           .ascii /fc26/
         006401    066                  
       3 006402    015     012     000           .asciz <15><12>
       4 006405    000                           .even
     819 006406 000207                           rts    pc
     820                                ;
     821                                ; fc27
     822                                ;
     823                                fc27:
     824                                         xascil <fc27>
       1 006410 004767  005670                   jsr    pc,xasciz
       2 006414    146     143     062           .ascii /fc27/
         006417    067                  
       3 006420    015     012     000           .asciz <15><12>
       4 006423    000                           .even
     825 006424 000207                           rts    pc
     826                                ;
     827                                ; xmitpl : poll xmit ring for entries with own set
     828                                ;
     829                                xmitpl:
     830 006426 005067  006734                   clr    xmitdw
     831                                ;         tst    running
     832                                ;         bne    xpl010
     833                                ;         jmp    xpl990
     834                                xpl010:
     835 006432 005767  006644                   tst    xcurrl
     836 006436 001005                           bne    xpl020
     837 006440 005767  006634                   tst    xcurrh
     838 006444 001002                           bne    xpl020
     839 006446 000167  000216                   jmp    xpl990
     840                                xpl020:
     841 006452 010046                           mov    r0,-(sp)
     842                                ;
     843                                ;         xasciz <xmit poll  : >
     844                                ;         xwhx   xcurrh,2
     845                                ;         xwhx   xcurrl,2
     846                                ;         xascil
     847                                ;
     848 006454 016767  006622  006630           mov    xcurrl,xolddl
     849 006462 016767  006612  006620           mov    xcurrh,xolddh
     850 006470 005067  006572                   clr    xplrun
     851                                ;
     852                                xpl200:
     853 006474 004767  005042                   jsr    pc,getxcnh                        ; get xcurr and next header
     854                                
     855 006500 032767  100000  006622           bit    #100000,xdre+4                   ; own bit set?
     856 006506 001002                           bne    xpl210
     857                                ;         xascil <not own, end>
     858 006510 000167  000152                   jmp    xpl900                           ; not set - end run
     859                                
     860                                xpl210:
     861                                ;         xasciz <xmitpl ent : >
     862                                ;         xwhx   xcurrh,2
     863                                ;         xwhx   xcurrl,2
     864                                ;         xasciz < >
     865                                ;         xwhx   xdre,10
     866                                
     867 006514 005767  006546                   tst    xplrun
     868 006520 001401                           beq    xpl220                           ; not continuation
     869                                ;         xasciz <cont >
     870 006522 000412                           br     xpl320
     871                                
     872                                xpl220:
     873 006524 032767  001000  006576           bit    #1000,xdre+4                     ; stp bit set?
     874 006532 001001                           bne    xpl300                           ; yes
     875                                ;         xascil <skip >
     876 006534 000423                           br     xpl340                           ; own, but not stp in the first message - skip/rel
     877                                
     878                                xpl300:
     879 006536 012767  000001  006522           mov    #1,xplrun
     880 006544 004767  000122                   jsr    pc,xmitst
     881                                ;
     882                                ; 320 - if we get here, we have either the start bit in this buffer, or it is a chained buffer and we already saw start
     883                                ;
     884                                xpl320:
     885 006550 032767  000400  006552           bit    #400,xdre+4                      ; enp bit set?
     886 006556 001402                           beq    xpl330                           ; no
     887 006560 005067  006502                   clr    xplrun
     888                                ;         xasciz <end >
     889                                
     890                                xpl330:
     891 006564 004767  000254                   jsr    pc,xmitld
     892 006570 032767  000400  006532           bit    #400,xdre+4                      ; enp bit set?
     893 006576 001402                           beq    xpl340                           ; no
     894 006600 004767  000134                   jsr    pc,xmitxx
     895                                xpl340:
     896 006604 004767  000630                   jsr    pc,xmitrb
     897                                xpl350:
     898                                ;         xasciz <xmitpl rel : >
     899                                ;         xwhx   xcurrh,2
     900                                ;         xwhx   xcurrl,2
     901                                ;         xasciz < >
     902                                ;         xwhx   xdre,10
     903                                ;         xascil
     904                                ;
     905                                ; advance to next entry and loop back, if all entries have not been done yet
     906                                ;
     907                                xpl700:
     908 006610 026767  006472  006474           cmp    xnextl,xolddl
     909 006616 001013                           bne    xpl710
     910 006620 026767  006460  006462           cmp    xnexth,xolddh
     911 006626 001007                           bne    xpl710
     912 006630 016767  006452  006444           mov    xnextl,xcurrl
     913 006636 016767  006442  006434           mov    xnexth,xcurrh
     914 006644 000410                           br     xpl900                    ; looped round, end of run
     915                                xpl710:
     916 006646 016767  006434  006426           mov    xnextl,xcurrl
     917 006654 016767  006424  006416           mov    xnexth,xcurrh
     918 006662 000167  177606                   jmp    xpl200
     919                                ;
     920                                ; exit
     921                                ;
     922                                xpl900:
     923 006666 012600                           mov    (sp)+,r0
     924                                xpl990:
     925 006670 000207                           rts    pc
     926                                ;
     927                                ; xmitst: do starting things re transmission, amongst others to the chip
     928                                ;
     929                                xmitst:
     930                                ;
     931                                ; set egpwr pointer to zero
     932                                ;
     933                                         xubl   wegpwr,40
       1 006672 004767  003750                   jsr    pc,xubl
       2 006676 006730                           .word  wegpwr                                ; wegpwr  : from address - write to spi
       3 006700 000040                           .word  40                               ; 40 : from length in bits, multiple of 8 (lower three bits are ignored)
       4 006702 000000                           .word                                  ;   : to address - read from spi
       5 006704 000000                           .word                                 ;  : to length in bits, multiple of 8 (lower three bits are ignored)
     934                                         xubl   wetxst,40
       1 006706 004767  003734                   jsr    pc,xubl
       2 006712 006734                           .word  wetxst                                ; wetxst  : from address - write to spi
       3 006714 000040                           .word  40                               ; 40 : from length in bits, multiple of 8 (lower three bits are ignored)
       4 006716 000000                           .word                                  ;   : to address - read from spi
       5 006720 000000                           .word                                 ;  : to length in bits, multiple of 8 (lower three bits are ignored)
     935 006722 005067  006366                   clr    xmitlen
     936 006726 000207                           rts    pc
     937                                ;
     938                                         .even
     939 006730    042     210     000  wegpwr:  .byte wcru,egpwrpt,0,0
         006733    000                  
     940                                         .even
     941 006734    042     000     000  wetxst:  .byte wcru,etxst,0,0
         006737    000                  
     942                                ;
     943                                ; xmitxx: do ending things re transmission, including causing the chip to transmit
     944                                ;
     945                                xmitxx:
     946 006740 005767  006352                   tst    xmitmch
     947 006744 001403                           beq    10$
     948 006746 052767  020000  006354           bis    #20000,xdre+4
     949                                10$:
     950 006754 016767  006334  000060           mov    xmitlen,wetxlen+2
     951                                         xubl   wetxlen,40
       1 006762 004767  003660                   jsr    pc,xubl
       2 006766 007040                           .word  wetxlen                                ; wetxlen  : from address - write to spi
       3 006770 000040                           .word  40                               ; 40 : from length in bits, multiple of 8 (lower three bits are ignored)
       4 006772 000000                           .word                                  ;   : to address - read from spi
       5 006774 000000                           .word                                 ;  : to length in bits, multiple of 8 (lower three bits are ignored)
     952                                ;
     953                                         xubl   tecon1,40
       1 006776 004767  003644                   jsr    pc,xubl
       2 007002 012476                           .word  tecon1                                ; tecon1  : from address - write to spi
       3 007004 000040                           .word  40                               ; 40 : from length in bits, multiple of 8 (lower three bits are ignored)
       4 007006 000000                           .word                                  ;   : to address - read from spi
       5 007010 000000                           .word                                 ;  : to length in bits, multiple of 8 (lower three bits are ignored)
     954                                20$:
     955                                         xubl   recon1,20,decon1,20              ; set econ1 bit 1, this causes the chip to transmit.
       1 007012 004767  003630                   jsr    pc,xubl
       2 007016 012466                           .word  recon1                                ; recon1  : from address - write to spi
       3 007020 000020                           .word  20                               ; 20 : from length in bits, multiple of 8 (lower three bits are ignored)
       4 007022 012470                           .word  decon1                                ; decon1  : to address - read from spi
       5 007024 000020                           .word  20                               ; 20 : to length in bits, multiple of 8 (lower three bits are ignored)
     956                                
     957 007026 132767  000002  003434           bitb   #2,decon1                        ; check if econ1 bit 1 is cleared; this means the chip is done transmitting.
     958 007034 001366                           bne    20$
     959 007036 000207                           rts    pc
     960                                         .even
     961 007040    042     002     000  wetxlen: .byte wcru,etxlen,0,0
         007043    000                  
     962                                ;
     963                                ; xmitld: load bytes from current buffer
     964                                ;
     965                                xmitld:
     966 007044 010046                           mov    r0,-(sp)
     967 007046 010146                           mov    r1,-(sp)
     968 007050 010246                           mov    r2,-(sp)
     969 007052 010346                           mov    r3,-(sp)
     970 007054 010446                           mov    r4,-(sp)
     971                                
     972 007056 016703  006242                   mov    xdre+0,r3                        ; load slen into r3
     973 007062 016701  006240                   mov    xdre+2,r1                        ; load segb
     974 007066 042701  000001                   bic    #1,r1                            ; clean segb l      ; FIXME, we're disregarding byte alignment here
     975 007072 016702  006232                   mov    xdre+4,r2                        ; load segb h
     976 007076 042702  177774                   bic    #177774,r2                       ; clean segb h
     977                                
     978                                10$:
     979 007102 010300                           mov    r3,r0                            ; copy remainder of slen
     980 007104 022703  000020                   cmp    #20,r3                           ; is the actual length left > 20
     981 007110 002002                           bge    20$                              ; no
     982 007112 012700  000020                   mov    #20,r0                           ; set length for this run
     983                                20$:
     984                                ;         xasciz <xmitld buf : >
     985                                ;         mov    r2,buf
     986                                ;         mov    r1,buf+2
     987                                ;         xwhx   buf,4
     988 007116 010004                           mov    r0,r4
     989 007120 032704  000001                   bit    #1,r4
     990 007124 001001                           bne    22$
     991                                ;         xasciz < >
     992 007126 000401                           br     23$
     993                                22$:
     994                                ;         xasciz <!>
     995 007130 005204                           inc    r4                                ; make length an even number
     996                                23$:
     997                                ;         xasciz <xubm       : >
     998                                
     999                                ;         mov    r2,workw
    1000                                ;         xwhx   workw,2
    1001                                ;         mov    r1,workw
    1002                                ;         xwhx   workw,2
    1003                                ;         xasciz < >
    1004                                ;         mov    r4,workw
    1005                                ;         xwhx   workw,2
    1006                                ;         xasciz < >
    1007                                ;         mov    xmitlen,workw
    1008                                ;         xwhx   workw,2
    1009                                ;         xascil
    1010                                
    1011                                ;
    1012                                ; setup xubm for transfer from main system core to our buffer - length limited by logic above to 16 bytes
    1013                                ;
    1014 007132 010137  177100                   mov    r1,@#177100
    1015 007136 010237  177102                   mov    r2,@#177102
    1016 007142 012737  015614  177104           mov    #buf+2,@#177104
    1017 007150 112737  000000  177107           movb   #0,@#177107
    1018 007156 110437  177106                   movb   r4,@#177106
    1019                                
    1020 007162 005767  006126                   tst    xmitlen                          ; check if this is the first part of the frame? then we need to set the mac address into the buffer
    1021 007166 001057                           bne    26$
    1022                                ;
    1023                                ; set mch bit for transmit ring entry
    1024                                ;
    1025 007170 005067  006122                   clr    xmitmch
    1026 007174 126767  003440  006412           cmpb   dlaa+0,buf+2
    1027 007202 001027                           bne    25$
    1028 007204 126767  003431  006403           cmpb   dlaa+1,buf+3
    1029 007212 001023                           bne    25$
    1030 007214 126767  003422  006374           cmpb   dlaa+2,buf+4
    1031 007222 001017                           bne    25$
    1032 007224 126767  003413  006365           cmpb   dlaa+3,buf+5
    1033 007232 001013                           bne    25$
    1034 007234 126767  003404  006356           cmpb   dlaa+4,buf+6
    1035 007242 001007                           bne    25$
    1036 007244 126767  003375  006347           cmpb   dlaa+5,buf+7
    1037 007252 001003                           bne    25$
    1038 007254 012767  000001  006034           mov    #1,xmitmch
    1039                                ;
    1040                                ; set our own address into the frame
    1041                                ;
    1042                                25$:
    1043 007262 116767  003352  006332           movb   dlaa+0,buf+10
    1044 007270 116767  003345  006325           movb   dlaa+1,buf+11
    1045 007276 116767  003340  006320           movb   dlaa+2,buf+12
    1046 007304 116767  003333  006313           movb   dlaa+3,buf+13
    1047 007312 116767  003326  006306           movb   dlaa+4,buf+14
    1048 007320 116767  003321  006301           movb   dlaa+5,buf+15
    1049                                ;         xasciz <xmitld fib : >
    1050                                ;         xbhx   buf+2,6
    1051                                ;         xasciz < : >
    1052                                ;         xbhx   buf+10,6
    1053                                ;         xascil
    1054                                26$:
    1055 007326 060067  005762                   add    r0,xmitlen
    1056                                
    1057                                30$:
    1058 007332 112767  000300  006252           movb   #b0sel,buf
    1059 007340 112767  000052  006245           movb   #wgpdata,buf+1
    1060 007346 010004                           mov    r0,r4
    1061 007350 005204                           inc    r4
    1062 007352 005204                           inc    r4
    1063 007354 006304                           asl    r4
    1064 007356 006304                           asl    r4
    1065 007360 006304                           asl    r4
    1066 007362 010467  000006                   mov    r4,31$          ; set the number of bits in the parm list
    1067 007366 004767  003254                   jsr    pc,xubl
    1068 007372 015612                           .word  buf
    1069 007374 000000                  31$:     .word  0
    1070 007376 000000                           .word  0
    1071 007400 000000                           .word  0
    1072                                
    1073                                40$:
    1074                                ;         mov    r0,41$
    1075                                ;         jsr    pc,xbhx
    1076                                ;         .word  buf+2
    1077                                ;41$:     .word  0
    1078                                ;         xascil
    1079                                42$:
    1080                                
    1081 007402 060001                           add    r0,r1                            ; add length of run to low
    1082 007404 005502                           adc    r2                               ; carry to high
    1083                                
    1084 007406 022703  000020                   cmp    #20,r3
    1085 007412 002004                           bge    50$
    1086 007414 162703  000020                   sub    #20,r3
    1087 007420 000167  177456                   jmp    10$
    1088                                50$:
    1089 007424 012604                           mov    (sp)+,r4
    1090 007426 012603                           mov    (sp)+,r3
    1091 007430 012602                           mov    (sp)+,r2
    1092 007432 012601                           mov    (sp)+,r1
    1093 007434 012600                           mov    (sp)+,r0
    1094 007436 000207                           rts    pc
    1095                                ;
    1096                                ; xmitrb: release current buffer from xmit ring
    1097                                ;
    1098                                xmitrb:
    1099 007440 032767  000400  005662           bit    #400,xdre+4                      ; enp bit set?
    1100 007446 001012                           bne    30$                              ; yes
    1101 007450 032767  100000  005662           bit    #100000,xdre+14                  ; own bit set in next buffer?
    1102 007456 001006                           bne    30$                              ; yes
    1103                                ;
    1104                                ; not end, and the next buffer is not owned. Must release the buffer and set error codes
    1105                                ;
    1106 007460 052767  040000  005642           bis    #40000,xdre+4                   ; err summary bit
    1107 007466 052767  100000  005636           bis    #100000,xdre+6                  ; set bufl
    1108                                ;
    1109                                ; reset own and write back
    1110                                ;
    1111                                30$:
    1112 007474 042767  100000  005626           bic    #100000,xdre+4                  ; clear own
    1113 007502 004767  003744                   jsr    pc,putxdre                      ; write back
    1114 007506 000207                           rts    pc
    1115                                ;
    1116                                ; pktin: deal with packets incoming on the encx24j600
    1117                                ;
    1118                                pktin:
    1119 007510 010046                           mov    r0,-(sp)
    1120 007512 010146                           mov    r1,-(sp)
    1121 007514 010246                           mov    r2,-(sp)
    1122 007516 010346                           mov    r3,-(sp)
    1123 007520 010446                           mov    r4,-(sp)
    1124 007522 010546                           mov    r5,-(sp)
    1125 007524 005067  005634                   clr    recvdw                 ; clear flag, did not do any work yet
    1126                                ;
    1127                                ; check if there is a free buffer on the receive ring. If there isn't, skip - and hope that the encx24j600 has enough space to buffer
    1128                                ;
    1129 007530 005767  005536                   tst    rcurrl                 ; ring pointer valid?
    1130 007534 001005                           bne    10$                    ; yes
    1131 007536 005767  005526                   tst    rcurrh                 ; ring pointer valid?
    1132 007542 001002                           bne    10$                    ; yes
    1133 007544 000167  000374                   jmp    90$                    ; no - can't even check buffer space yet
    1134                                ;
    1135                                ; read estat
    1136                                ;
    1137                                10$:
    1138                                         xubl   restat,20,destat,20
       1 007550 004767  003072                   jsr    pc,xubl
       2 007554 012442                           .word  restat                                ; restat  : from address - write to spi
       3 007556 000020                           .word  20                               ; 20 : from length in bits, multiple of 8 (lower three bits are ignored)
       4 007560 012444                           .word  destat                                ; destat  : to address - read from spi
       5 007562 000020                           .word  20                               ; 20 : to length in bits, multiple of 8 (lower three bits are ignored)
    1139 007564 116767  002654  006014           movb   destat,pktcnt
    1140 007572 105767  006010                   tstb   pktcnt
    1141 007576 001002                           bne    15$
    1142 007600 000167  000340                   jmp    90$
    1143                                ;
    1144                                ; check if there is a buffer free
    1145                                ;
    1146                                15$:
    1147 007604 004767  003356                   jsr    pc,getrdre             ; might be current, but refresh just to be sure
    1148 007610 032767  100000  005532           bit    #100000,rdre+4         ; own?
    1149 007616 001002                           bne    16$                    ; own - continue
    1150 007620 000167  000320                   jmp    90$                    ; not own - skip pktin
    1151                                16$:
    1152                                ;
    1153                                ; process read pointer in chip
    1154                                ;
    1155 007624 016767  005374  000334           mov    npp,werxrdpt+2
    1156                                         xubl   werxrdpt,40            ; set erxrdpt to the value of npp
       1 007632 004767  003010                   jsr    pc,xubl
       2 007636 010164                           .word  werxrdpt                                ; werxrdpt  : from address - write to spi
       3 007640 000040                           .word  40                               ; 40 : from length in bits, multiple of 8 (lower three bits are ignored)
       4 007642 000000                           .word                                  ;   : to address - read from spi
       5 007644 000000                           .word                                 ;  : to length in bits, multiple of 8 (lower three bits are ignored)
    1157                                         xubl   rnpp,20,dnpp,20        ; read first two bytes - pointer to the new npp
       1 007646 004767  002774                   jsr    pc,xubl
       2 007652 010170                           .word  rnpp                                ; rnpp  : from address - write to spi
       3 007654 000020                           .word  20                               ; 20 : from length in bits, multiple of 8 (lower three bits are ignored)
       4 007656 010172                           .word  dnpp                                ; dnpp  : to address - read from spi
       5 007660 000020                           .word  20                               ; 20 : to length in bits, multiple of 8 (lower three bits are ignored)
    1158                                         ; Live log (screenlog_rxfix): frames 1-62 matched the daemon
    1159                                         ; exactly, then frame 63 served a stale header (dnpp=0x1060)
    1160                                         ; and the walk followed garbage until it stuck retrying 0x8115
    1161                                         ; ~21k times. Out-of-ring next_ptr OR rx_miss is a hard link
    1162                                         ; error -- reset, don't retry.
    1163                                         xubl   recon1,20,decon1,20    ; rx_miss or out-of-ring dnpp -> reset
       1 007662 004767  002760                   jsr    pc,xubl
       2 007666 012466                           .word  recon1                                ; recon1  : from address - write to spi
       3 007670 000020                           .word  20                               ; 20 : from length in bits, multiple of 8 (lower three bits are ignored)
       4 007672 012470                           .word  decon1                                ; decon1  : to address - read from spi
       5 007674 000020                           .word  20                               ; 20 : to length in bits, multiple of 8 (lower three bits are ignored)
    1164 007676 032767  000004  002564           bit    #4,decon1              ; rx_miss, ECON1 bit 2
    1165 007704 001100                           bne    80$
    1166 007706 026727  000260  044000           cmp    dnpp,#44000            ; 0x4800 RX ring start
    1167 007714 103474                           blo    80$
    1168 007716 026727  000250  060000           cmp    dnpp,#60000            ; 0x6000 one past last RX byte
    1169 007724 103070                           bhis   80$
    1170                                17$:
    1171 007726 016767  000240  005270           mov    dnpp,npp               ; copy the new npp
    1172                                ;
    1173                                ; read next 6 bytes
    1174                                ;
    1175                                         xubl   rpkth,20,dpkth,60
       1 007734 004767  002706                   jsr    pc,xubl
       2 007740 010174                           .word  rpkth                                ; rpkth  : from address - write to spi
       3 007742 000020                           .word  20                               ; 20 : from length in bits, multiple of 8 (lower three bits are ignored)
       4 007744 010176                           .word  dpkth                                ; dpkth  : to address - read from spi
       5 007746 000060                           .word  60                               ; 60 : to length in bits, multiple of 8 (lower three bits are ignored)
    1176                                ;
    1177                                ; take length from header - from first two bytes
    1178                                ;
    1179 007750 016767  000222  005250           mov    dpkth,flen
    1180 007756 005767  005244                   tst    flen
    1181 007762 001451                           beq    80$                    ; zero-length is not a real frame
    1182 007764 026727  005236  003000           cmp    flen,#3000             ; 1536 -- above ethernet MTU
    1183 007772 101045                           bhi    80$
    1184                                ;
    1185                                ; process frame data
    1186                                ;
    1187                                20$:
    1188 007774 004767  000210                   jsr    pc,getfr
    1189                                         xubl   recon1,20,decon1,20
       1 010000 004767  002642                   jsr    pc,xubl
       2 010004 012466                           .word  recon1                                ; recon1  : from address - write to spi
       3 010006 000020                           .word  20                               ; 20 : from length in bits, multiple of 8 (lower three bits are ignored)
       4 010010 012470                           .word  decon1                                ; decon1  : to address - read from spi
       5 010012 000020                           .word  20                               ; 20 : to length in bits, multiple of 8 (lower three bits are ignored)
    1190 010014 032767  000004  002446           bit    #4,decon1              ; rx_miss during payload copy
    1191 010022 001031                           bne    80$
    1192                                ;
    1193                                ; calculate new erxtail
    1194                                ;
    1195                                30$:
    1196 010024 016700  005174                   mov    npp,r0
    1197 010030 162700  000002                   sub    #2,r0
    1198 010034 022700  044000                   cmp    #44000,r0
    1199 010040 002402                           blt    31$
    1200 010042 012700  057776                   mov    #57776,r0
    1201                                31$:
    1202                                ;
    1203                                ; update erxtail - this releases the buffer in the encx24j600
    1204                                ;
    1205 010046 010067  002412                   mov    r0,werxtail+2
    1206                                         xubl   werxtail,40
       1 010052 004767  002570                   jsr    pc,xubl
       2 010056 012462                           .word  werxtail                                ; werxtail  : from address - write to spi
       3 010060 000040                           .word  40                               ; 40 : from length in bits, multiple of 8 (lower three bits are ignored)
       4 010062 000000                           .word                                  ;   : to address - read from spi
       5 010064 000000                           .word                                 ;  : to length in bits, multiple of 8 (lower three bits are ignored)
    1207                                ;
    1208                                ; dec pktcnt
    1209                                ;
    1210                                         xubl   decpc,20
       1 010066 004767  002554                   jsr    pc,xubl
       2 010072 010206                           .word  decpc                                ; decpc  : from address - write to spi
       3 010074 000020                           .word  20                               ; 20 : from length in bits, multiple of 8 (lower three bits are ignored)
       4 010076 000000                           .word                                  ;   : to address - read from spi
       5 010100 000000                           .word                                 ;  : to length in bits, multiple of 8 (lower three bits are ignored)
    1211                                ;
    1212                                ; done, exit
    1213                                ;
    1214 010102 000167  000036                   jmp    90$
    1215                                80$:
    1216                                         xubl   cmiss,40               ; clear rx_miss if set
       1 010106 004767  002534                   jsr    pc,xubl
       2 010112 012506                           .word  cmiss                                ; cmiss  : from address - write to spi
       3 010114 000040                           .word  40                               ; 40 : from length in bits, multiple of 8 (lower three bits are ignored)
       4 010116 000000                           .word                                  ;   : to address - read from spi
       5 010120 000000                           .word                                 ;  : to length in bits, multiple of 8 (lower three bits are ignored)
    1217 010122 012605                           mov    (sp)+,r5
    1218 010124 012604                           mov    (sp)+,r4
    1219 010126 012603                           mov    (sp)+,r3
    1220 010130 012602                           mov    (sp)+,r2
    1221 010132 012601                           mov    (sp)+,r1
    1222 010134 012600                           mov    (sp)+,r0
    1223 010136 005726                           tst    (sp)+                  ; discard jsr return into the main loop
    1224 010140 000167  171310                   jmp    xrxreset
    1225                                90$:
    1226 010144 012605                           mov    (sp)+,r5
    1227 010146 012604                           mov    (sp)+,r4
    1228 010150 012603                           mov    (sp)+,r3
    1229 010152 012602                           mov    (sp)+,r2
    1230 010154 012601                           mov    (sp)+,r1
    1231 010156 012600                           mov    (sp)+,r0
    1232 010160 000207                           rts pc
    1233                                ;
    1234                                ; pktin data
    1235                                ;
    1236                                         .even
    1237 010162    000                  pincnt:  .byte 0
    1238                                
    1239 010163    000                           .even
    1240 010164    042     212     000  werxrdpt: .byte wcru,erxrdpt,0,0
         010167    000                  
    1241                                
    1242                                         .even
    1243 010170    300     054          rnpp:    .byte b0sel,rrxdata
    1244 010172 000000                  dnpp:    .word 0
    1245                                
    1246                                         .even
    1247 010174    300     054          rpkth:   .byte b0sel,rrxdata
    1248                                
    1249                                         .even
    1250 010176    000     000     000  dpkth:   .byte 0,0,0,0,0,0
         010201    000     000     000  
    1251                                
    1252                                         .even
    1253 010204    300     054          rdata:   .byte b0sel,rrxdata
    1254                                
    1255                                         .even
    1256 010206    300     314          decpc:   .byte b0sel,setpktdec
    1257                                ;
    1258                                ; getfr: move a frame from the chip onto the receive ring buffer
    1259                                ;
    1260                                getfr:
    1261 010210 005767  005004                   tst    running               ;; FIXME does this make sense? after all we;re coming here through pktin.
    1262 010214 001002                           bne    1$
    1263 010216 000167  000634                   jmp    99$
    1264                                1$:
    1265 010222 010046                           mov    r0,-(sp)
    1266 010224 010146                           mov    r1,-(sp)
    1267 010226 010246                           mov    r2,-(sp)
    1268 010230 010346                           mov    r3,-(sp)
    1269 010232 010446                           mov    r4,-(sp)
    1270 010234 010546                           mov    r5,-(sp)
    1271                                
    1272 010236 005767  005030                   tst    rcurrl
    1273 010242 001005                           bne    2$
    1274 010244 005767  005020                   tst    rcurrh
    1275 010250 001002                           bne    2$
    1276 010252 000167  000564                   jmp    95$
    1277                                2$:
    1278 010256 016703  004744                   mov    flen,r3
    1279 010262 005067  005032                   clr    mlen
    1280 010266 004767  002674                   jsr    pc,getrdre             ; might be current, but refresh just to be sure
    1281 010272 016702  005050                   mov    rdre+2,r2              ; segbl into r2
    1282 010276 016704  005046                   mov    rdre+4,r4              ; segbh into r4
    1283 010302 042704  177774                   bic    #177774,r4             ; clean segbh
    1284 010306 016705  005032                   mov    rdre,r5                ; slen into r5
    1285 010312 005067  005034                   clr    rdre+6                 ; start clean
    1286 010316 032767  100000  005024           bit    #100000,rdre+4         ; own?
    1287 010324 001404                           beq    5$                     ; current buffer is not own
    1288 010326 052767  001000  005014           bis    #1000,rdre+4           ; set stp
    1289 010334 000405                           br     10$
    1290                                5$:
    1291 010336 052737  002000  174510           bis    #2000,@#174510         ; rcbi
    1292 010344 000167  000472                   jmp    95$                    ; done here!
    1293                                
    1294                                10$:
    1295 010350 010300                           mov    r3,r0
    1296 010352 022703  000020                   cmp    #20,r3                 ; is the actual length left > 20
    1297 010356 002002                           bge    20$                    ; no
    1298 010360 012700  000020                   mov    #20,r0                 ; set length for this run
    1299                                20$:
    1300 010364 020500                           cmp    r5,r0
    1301 010366 002001                           bge    22$
    1302 010370 010500                           mov    r5,r0
    1303                                22$:
    1304 010372 010001                           mov    r0,r1                  ; r1 now has copy of noof bytes
    1305 010374 032701  000001                   bit    #1,r1                  ; uneven number leftover? xubl can only deal with words...
    1306 010400 001401                           beq    28$                    ; no
    1307 010402 005201                           inc    r1                     ; make even
    1308                                28$:
    1309 010404 006301                           asl    r1                     ; make into noof bits
    1310 010406 006301                           asl    r1
    1311 010410 006301                           asl    r1
    1312                                
    1313                                30$:
    1314 010412 010167  000012                   mov    r1,31$                 ; set the number of bits in the parm list
    1315 010416 004767  002224                   jsr    pc,xubl
    1316 010422 010204                           .word  rdata
    1317 010424 000020                           .word  20
    1318 010426 015612                           .word  buf
    1319 010430 000000                  31$:     .word  0
    1320                                
    1321                                40$:
    1322 010432 010001                           mov    r0,r1                  ; copy length
    1323 010434 032701  000001                   bit    #1,r1                  ; uneven number of bytes?
    1324 010440 001401                           beq    42$                    ; no
    1325 010442 005201                           inc    r1                     ; round up to the next word
    1326                                42$:
    1327 010444 010237  177100                   mov    r2,@#177100            ; dest low word addr
    1328 010450 010437  177102                   mov    r4,@#177102            ; dest high word addr
    1329 010454 012737  015612  177104           mov    #buf,@#177104          ; src addr
    1330 010462 112737  000001  177107           movb   #1,@#177107            ; direction - to xu busmaster
    1331 010470 005701                           tst    r1
    1332 010472 001402                           beq    48$
    1333 010474 110137  177106                   movb   r1,@#177106
    1334                                48$:
    1335                                ;
    1336                                ;
    1337                                ;
    1338 010500 010001                           mov    r0,r1                  ; copy length of run
    1339 010502 060102                           add    r1,r2
    1340 010504 005504                           adc    r4
    1341 010506 160105                           sub    r1,r5
    1342 010510 060167  004604                   add    r1,mlen
    1343 010514 160103                           sub    r1,r3                  ; subtract actual run length from frame length
    1344 010516 022703  000000                   cmp    #0,r3                  ; finished frame?
    1345 010522 002402                           blt    45$                    ; not yet -- fall through to 50$
    1346 010524 000167  000202                   jmp    90$                    ; yes -- finished this descriptor
    1347                                45$:
    1348                                
    1349                                50$:
    1350 010530 020527  000000                   cmp    r5,#0                  ; buffer filled?
    1351 010534 003402                           ble    46$                    ; not filled -- fall through
    1352 010536 000167  000164                   jmp    60$                    ; filled -- long branch
    1353                                46$:
    1354                                
    1355 010542 005767  004554                   tst    drdc                   ; can we do data chaining?
    1356 010546 001415                           beq    52$                    ; yes, go on
    1357 010550 066767  004544  004574           add    mlen,rdre+6            ; set message length - leave other bits in there intact, given that we started out at zero...
    1358 010556 062767  000004  004566           add    #4,rdre+6              ; DEUNA MLEN includes CRC; BSD subtracts 4
    1359 010564 052767  100000  004560           bis    #100000,rdre+6         ; set bufl
    1360 010572 052767  040000  004550           bis    #40000,rdre+4          ; set errs
    1361 010600 000454                           br     90$
    1362                                52$:
    1363                                
    1364 010602 032767  100000  004550           bit    #100000,rdre+14        ; do we own the next buffer?
    1365 010610 001015                           bne    53$                    ; yes
    1366 010612 066767  004502  004532           add    mlen,rdre+6            ; set message length - leave other bits in there intact, given that we started out at zero...
    1367 010620 062767  000004  004524           add    #4,rdre+6              ; DEUNA MLEN includes CRC; BSD subtracts 4
    1368 010626 052767  100000  004516           bis    #100000,rdre+6         ; set bufl
    1369 010634 052767  040000  004506           bis    #40000,rdre+4          ; set errs
    1370 010642 000433                           br     90$
    1371                                
    1372                                53$:
    1373 010644 042767  100000  004476           bic    #100000,rdre+4         ; clear own
    1374 010652 004767  002504                   jsr    pc,putrdre                      ; write back
    1375 010656 016767  004412  004404           mov    rnexth,rcurrh          ; next buffer
    1376 010664 016767  004406  004400           mov    rnextl,rcurrl
    1377 010672 004767  002270                   jsr    pc,getrdre             ; might be current, but refresh just to be sure
    1378 010676 016702  004444                   mov    rdre+2,r2              ; segbl into r2
    1379 010702 016704  004442                   mov    rdre+4,r4              ; segbh into r4
    1380 010706 042704  177774                   bic    #177774,r4             ; clean segbh
    1381 010712 016705  004426                   mov    rdre,r5                ; slen into r5
    1382 010716 005067  004430                   clr    rdre+6                 ; start clean
    1383 010722 000167  177422                   jmp    10$                    ; current buffer is own - we're in business
    1384                                60$:
    1385 010726 000167  177416                   jmp    10$
    1386                                ;
    1387                                ;
    1388                                ;
    1389                                90$:
    1390 010732 032767  100000  004410           bit    #100000,rdre+4
    1391 010740 001440                           beq    95$                    ; not own
    1392 010742 052767  000400  004400           bis    #400,rdre+4            ; set enp
    1393 010750 042767  100000  004372           bic    #100000,rdre+4         ; clear own
    1394 010756 032767  100000  004366           bit    #100000,rdre+6         ; bufl already set?
    1395 010764 001006                           bne    91$                    ; yes, skip setting mlen
    1396 010766 066767  004326  004356           add    mlen,rdre+6            ; set message length - leave other bits in there intact, given that we started out at zero...
    1397 010774 062767  000004  004350           add    #4,rdre+6              ; DEUNA MLEN includes CRC; 4.3BSD derecv
    1398                                                                       ; does len = MLEN-14-4 and Ierrs if len<ETHERMIN.
    1399                                                                       ; AF_PACKET frames have no FCS, so a 60-byte ARP
    1400                                                                       ; was reported as 42 and dropped. Do not copy 4
    1401                                                                       ; extra bytes -- only the descriptor length.
    1402                                91$:
    1403 011002 005767  004314                   tst    drdc
    1404 011006 001403                           beq    92$
    1405 011010 052767  020000  004334           bis    #20000,rdre+6          ; set nchn
    1406                                92$:
    1407 011016 004767  002340                   jsr    pc,putrdre                      ; write back
    1408 011022 016767  004246  004240           mov    rnexth,rcurrh
    1409 011030 016767  004242  004234           mov    rnextl,rcurrl
    1410 011036 004767  002124                   jsr    pc,getrdre
    1411                                95$:
    1412 011042 012605                           mov    (sp)+,r5
    1413 011044 012604                           mov    (sp)+,r4
    1414 011046 012603                           mov    (sp)+,r3
    1415 011050 012602                           mov    (sp)+,r2
    1416 011052 012601                           mov    (sp)+,r1
    1417 011054 012600                           mov    (sp)+,r0
    1418                                99$:
    1419 011056 000207                           rts    pc
    1420                                ;
    1421                                ; init encx24j600 chip connected to spi xubl peripheral on our bus - see reset procedure in encx24j600 manual, ch. 8.1
    1422                                ;
    1423                                initenc:
    1424                                ;
    1425                                ; check eudast to see if we are in touch with the chip
    1426                                ;
    1427 011060 004767  001014                   jsr    pc,chkeudast
    1428 011064 005700                           tst    r0
    1429 011066 001402                           beq    10$
    1430 011070 000167  000776                   jmp    99$
    1431                                ;
    1432                                ; read estat, bit 12 - wait until that shows the chip finished powerup
    1433                                ;
    1434                                10$:
    1435 011074 012700  000012                   mov    #10.,r0                          ; try the estat check 10 times
    1436                                11$:
    1437                                         xubl   restat,20,destat,20              ; checking if estat clkrdy (12) bit is set; this shows the chip is ready and all registers are available
       1 011100 004767  001542                   jsr    pc,xubl
       2 011104 012442                           .word  restat                                ; restat  : from address - write to spi
       3 011106 000020                           .word  20                               ; 20 : from length in bits, multiple of 8 (lower three bits are ignored)
       4 011110 012444                           .word  destat                                ; destat  : to address - read from spi
       5 011112 000020                           .word  20                               ; 20 : to length in bits, multiple of 8 (lower three bits are ignored)
    1438 011114 032767  010000  001322           bit    #10000,destat
    1439 011122 001025                           bne    20$
    1440                                         xasciz <estat      : >
       1 011124 004767  003154                   jsr    pc,xasciz
       2 011130    145     163     164           .asciz /estat      : /
         011133    141     164     040  
         011136    040     040     040  
         011141    040     040     072  
         011144    040     000          
       3                                         .even
    1441                                         xbhx   destat,2
       1 011146 004767  003202                   jsr    pc,xbhx
       2 011152 012444                           .word  destat
       3 011154 000002                           .word  2
    1442                                         xascnl
       1 011156 004767  003122                   jsr    pc,xasciz
       2 011162    015     012     000           .asciz <15><12>
       3 011165    000                           .even
    1443 011166 005300                           dec    r0
    1444 011170 001343                           bne    11$
    1445 011172 000167  000674                   jmp    99$
    1446                                20$:
    1447                                ;
    1448                                ; write reset bit into econ2
    1449                                ;
    1450                                         xubl   qecon2,40
       1 011176 004767  001444                   jsr    pc,xubl
       2 011202 012452                           .word  qecon2                                ; qecon2  : from address - write to spi
       3 011204 000040                           .word  40                               ; 40 : from length in bits, multiple of 8 (lower three bits are ignored)
       4 011206 000000                           .word                                  ;   : to address - read from spi
       5 011210 000000                           .word                                 ;  : to length in bits, multiple of 8 (lower three bits are ignored)
    1451                                ;
    1452                                ; wait
    1453                                ;
    1454 011212 004767  003704                   jsr    pc,waitabit
    1455                                ;
    1456                                ; read eudast again, see if the reset took place
    1457                                ;
    1458                                30$:
    1459                                         xubl   reudast,20,ceudast,20
       1 011216 004767  001424                   jsr    pc,xubl
       2 011222 012272                           .word  reudast                                ; reudast  : from address - write to spi
       3 011224 000020                           .word  20                               ; 20 : from length in bits, multiple of 8 (lower three bits are ignored)
       4 011226 012274                           .word  ceudast                                ; ceudast  : to address - read from spi
       5 011230 000020                           .word  20                               ; 20 : to length in bits, multiple of 8 (lower three bits are ignored)
    1460 011232 005767  001036                   tst    ceudast
    1461 011236 001437                           beq    40$
    1462                                         xasciz <init: eudast did not reset, value is >
       1 011240 004767  003040                   jsr    pc,xasciz
       2 011244    151     156     151           .asciz /init: eudast did not reset, value is /
         011247    164     072     040  
         011252    145     165     144  
         011255    141     163     164  
         011260    040     144     151  
         011263    144     040     156  
         011266    157     164     040  
         011271    162     145     163  
         011274    145     164     054  
         011277    040     166     141  
         011302    154     165     145  
         011305    040     151     163  
         011310    040     000          
       3                                         .even
    1463                                         xbhx   ceudast,2
       1 011312 004767  003036                   jsr    pc,xbhx
       2 011316 012274                           .word  ceudast
       3 011320 000002                           .word  2
    1464                                         xascnl
       1 011322 004767  002756                   jsr    pc,xasciz
       2 011326    015     012     000           .asciz <15><12>
       3 011331    000                           .even
    1465 011332 000167  000534                   jmp    99$
    1466                                40$:
    1467                                ;
    1468                                ; read mac addr from the chip
    1469                                ;
    1470                                         xubl   rbia,20,dbia,60
       1 011336 004767  001304                   jsr    pc,xubl
       2 011342 012414                           .word  rbia                                ; rbia  : from address - write to spi
       3 011344 000020                           .word  20                               ; 20 : from length in bits, multiple of 8 (lower three bits are ignored)
       4 011346 012434                           .word  dbia                                ; dbia  : to address - read from spi
       5 011350 000060                           .word  60                               ; 60 : to length in bits, multiple of 8 (lower three bits are ignored)
    1471                                         xasciz <x24j600 bia: >
       1 011352 004767  002726                   jsr    pc,xasciz
       2 011356    170     062     064           .asciz /x24j600 bia: /
         011361    152     066     060  
         011364    060     040     142  
         011367    151     141     072  
         011372    040     000          
       3                                         .even
    1472                                         xbhx   dbia+4,1
       1 011374 004767  002754                   jsr    pc,xbhx
       2 011400 012440                           .word  dbia+4
       3 011402 000001                           .word  1
    1473                                         xasciz <:>
       1 011404 004767  002674                   jsr    pc,xasciz
       2 011410    072     000                   .asciz /:/
       3                                         .even
    1474                                         xbhx   dbia+5,1
       1 011412 004767  002736                   jsr    pc,xbhx
       2 011416 012441                           .word  dbia+5
       3 011420 000001                           .word  1
    1475                                         xasciz <:>
       1 011422 004767  002656                   jsr    pc,xasciz
       2 011426    072     000                   .asciz /:/
       3                                         .even
    1476                                         xbhx   dbia+2,1
       1 011430 004767  002720                   jsr    pc,xbhx
       2 011434 012436                           .word  dbia+2
       3 011436 000001                           .word  1
    1477                                         xasciz <:>
       1 011440 004767  002640                   jsr    pc,xasciz
       2 011444    072     000                   .asciz /:/
       3                                         .even
    1478                                         xbhx   dbia+3,1
       1 011446 004767  002702                   jsr    pc,xbhx
       2 011452 012437                           .word  dbia+3
       3 011454 000001                           .word  1
    1479                                         xasciz <:>
       1 011456 004767  002622                   jsr    pc,xasciz
       2 011462    072     000                   .asciz /:/
       3                                         .even
    1480                                         xbhx   dbia+0,1
       1 011464 004767  002664                   jsr    pc,xbhx
       2 011470 012434                           .word  dbia+0
       3 011472 000001                           .word  1
    1481                                         xasciz <:>
       1 011474 004767  002604                   jsr    pc,xasciz
       2 011500    072     000                   .asciz /:/
       3                                         .even
    1482                                         xbhx   dbia+1,1
       1 011502 004767  002646                   jsr    pc,xbhx
       2 011506 012435                           .word  dbia+1
       3 011510 000001                           .word  1
    1483                                         xascnl
       1 011512 004767  002566                   jsr    pc,xasciz
       2 011516    015     012     000           .asciz <15><12>
       3 011521    000                           .even
    1484                                         ; full 6-byte reversal, matching ENC424J600's real MAADR1..3
    1485                                         ; register layout (DS39935C Table 3-7: MAADR1H = canonical
    1486                                         ; byte 1/OUI0 ... MAADR3L = canonical byte 6). Previously a
    1487                                         ; partial swap here, which was wrong.
    1488 011522 116767  000713  001110           movb   dbia+5,dlaa+0
    1489 011530 116767  000704  001103           movb   dbia+4,dlaa+1
    1490 011536 116767  000675  001076           movb   dbia+3,dlaa+2
    1491 011544 116767  000666  001071           movb   dbia+2,dlaa+3
    1492 011552 116767  000657  001064           movb   dbia+1,dlaa+4
    1493 011560 116767  000650  001057           movb   dbia+0,dlaa+5
    1494                                ;
    1495                                ; set npp, erxst to initial value
    1496                                ;
    1497 011566 012767  044000  003430           mov    #44000,npp
    1498 011574 016767  003424  000656           mov    npp,werxst+2
    1499                                         xubl   werxst,40
       1 011602 004767  001040                   jsr    pc,xubl
       2 011606 012456                           .word  werxst                                ; werxst  : from address - write to spi
       3 011610 000040                           .word  40                               ; 40 : from length in bits, multiple of 8 (lower three bits are ignored)
       4 011612 000000                           .word                                  ;   : to address - read from spi
       5 011614 000000                           .word                                 ;  : to length in bits, multiple of 8 (lower three bits are ignored)
    1500                                ;
    1501                                ; set erxtail
    1502                                ;
    1503 011616 012767  057776  000640           mov    #57776,werxtail+2
    1504                                         xubl   werxtail,40
       1 011624 004767  001016                   jsr    pc,xubl
       2 011630 012462                           .word  werxtail                                ; werxtail  : from address - write to spi
       3 011632 000040                           .word  40                               ; 40 : from length in bits, multiple of 8 (lower three bits are ignored)
       4 011634 000000                           .word                                  ;   : to address - read from spi
       5 011636 000000                           .word                                 ;  : to length in bits, multiple of 8 (lower three bits are ignored)
    1505                                ;
    1506                                ; read econ1, set rxen - enable the chip to receive frames
    1507                                ;
    1508                                         xubl   recon1,20,decon1,20
       1 011640 004767  001002                   jsr    pc,xubl
       2 011644 012466                           .word  recon1                                ; recon1  : from address - write to spi
       3 011646 000020                           .word  20                               ; 20 : from length in bits, multiple of 8 (lower three bits are ignored)
       4 011650 012470                           .word  decon1                                ; decon1  : to address - read from spi
       5 011652 000020                           .word  20                               ; 20 : to length in bits, multiple of 8 (lower three bits are ignored)
    1509                                         xasciz <econ1      : >
       1 011654 004767  002424                   jsr    pc,xasciz
       2 011660    145     143     157           .asciz /econ1      : /
         011663    156     061     040  
         011666    040     040     040  
         011671    040     040     072  
         011674    040     000          
       3                                         .even
    1510                                         xbhx   decon1,2
       1 011676 004767  002452                   jsr    pc,xbhx
       2 011702 012470                           .word  decon1
       3 011704 000002                           .word  2
    1511                                         xascnl
       1 011706 004767  002372                   jsr    pc,xasciz
       2 011712    015     012     000           .asciz <15><12>
       3 011715    000                           .even
    1512                                         xubl   xecon1,40
       1 011716 004767  000724                   jsr    pc,xubl
       2 011722 012472                           .word  xecon1                                ; xecon1  : from address - write to spi
       3 011724 000040                           .word  40                               ; 40 : from length in bits, multiple of 8 (lower three bits are ignored)
       4 011726 000000                           .word                                  ;   : to address - read from spi
       5 011730 000000                           .word                                 ;  : to length in bits, multiple of 8 (lower three bits are ignored)
    1513                                         xubl   recon1,20,decon1,20
       1 011732 004767  000710                   jsr    pc,xubl
       2 011736 012466                           .word  recon1                                ; recon1  : from address - write to spi
       3 011740 000020                           .word  20                               ; 20 : from length in bits, multiple of 8 (lower three bits are ignored)
       4 011742 012470                           .word  decon1                                ; decon1  : to address - read from spi
       5 011744 000020                           .word  20                               ; 20 : to length in bits, multiple of 8 (lower three bits are ignored)
    1514                                         xasciz <econ1      : >
       1 011746 004767  002332                   jsr    pc,xasciz
       2 011752    145     143     157           .asciz /econ1      : /
         011755    156     061     040  
         011760    040     040     040  
         011763    040     040     072  
         011766    040     000          
       3                                         .even
    1515                                         xbhx   decon1,2
       1 011770 004767  002360                   jsr    pc,xbhx
       2 011774 012470                           .word  decon1
       3 011776 000002                           .word  2
    1516                                         xascnl
       1 012000 004767  002300                   jsr    pc,xasciz
       2 012004    015     012     000           .asciz <15><12>
       3 012007    000                           .even
    1517                                ;
    1518                                ; read econ2
    1519                                ;
    1520                                         xubl   recon2,20,decon2,20
       1 012010 004767  000632                   jsr    pc,xubl
       2 012014 012512                           .word  recon2                                ; recon2  : from address - write to spi
       3 012016 000020                           .word  20                               ; 20 : from length in bits, multiple of 8 (lower three bits are ignored)
       4 012020 012514                           .word  decon2                                ; decon2  : to address - read from spi
       5 012022 000020                           .word  20                               ; 20 : to length in bits, multiple of 8 (lower three bits are ignored)
    1521                                         xasciz <econ2      : >
       1 012024 004767  002254                   jsr    pc,xasciz
       2 012030    145     143     157           .asciz /econ2      : /
         012033    156     062     040  
         012036    040     040     040  
         012041    040     040     072  
         012044    040     000          
       3                                         .even
    1522                                         xbhx   decon2,2
       1 012046 004767  002302                   jsr    pc,xbhx
       2 012052 012514                           .word  decon2
       3 012054 000002                           .word  2
    1523                                         xascnl
       1 012056 004767  002222                   jsr    pc,xasciz
       2 012062    015     012     000           .asciz <15><12>
       3 012065    000                           .even
    1524                                ;
    1525                                ; end
    1526                                ;
    1527                                90$:
    1528 012066 005000                           clr    r0
    1529 012070 000207                           rts    pc
    1530                                99$:
    1531 012072 012700  000001                   mov    #1,r0
    1532 012076 000207                           rts    pc
    1533                                ;
    1534                                ; write, read, verify eudast; to check if we are able to communicate to the encx24j600.
    1535                                ;
    1536                                chkeudast:
    1537                                10$:
    1538 012100 012700  000012                   mov    #10.,r0
    1539                                11$:
    1540 012104 012767  022522  000156           mov    #22522,weudast+2                 ; setup buffer
    1541                                         xubl   weudast,40,0,0                   ; xubl write
       1 012112 004767  000530                   jsr    pc,xubl
       2 012116 012266                           .word  weudast                                ; weudast  : from address - write to spi
       3 012120 000040                           .word  40                               ; 40 : from length in bits, multiple of 8 (lower three bits are ignored)
       4 012122 000000                           .word  0                                ; 0  : to address - read from spi
       5 012124 000000                           .word  0                               ; 0 : to length in bits, multiple of 8 (lower three bits are ignored)
    1542 012126 005067  000142                   clr    ceudast                          ; make sure data isnt left here
    1543                                         xubl   reudast,20,ceudast,20            ; xubl read
       1 012132 004767  000510                   jsr    pc,xubl
       2 012136 012272                           .word  reudast                                ; reudast  : from address - write to spi
       3 012140 000020                           .word  20                               ; 20 : from length in bits, multiple of 8 (lower three bits are ignored)
       4 012142 012274                           .word  ceudast                                ; ceudast  : to address - read from spi
       5 012144 000020                           .word  20                               ; 20 : to length in bits, multiple of 8 (lower three bits are ignored)
    1544 012146 022767  022522  000120           cmp    #22522,ceudast                   ; is it the pattern we did store in the eudast
    1545 012154 001442                           beq    20$                              ; yes, worked
    1546                                         xasciz <init: eudast did not reset, value is >
       1 012156 004767  002122                   jsr    pc,xasciz
       2 012162    151     156     151           .asciz /init: eudast did not reset, value is /
         012165    164     072     040  
         012170    145     165     144  
         012173    141     163     164  
         012176    040     144     151  
         012201    144     040     156  
         012204    157     164     040  
         012207    162     145     163  
         012212    145     164     054  
         012215    040     166     141  
         012220    154     165     145  
         012223    040     151     163  
         012226    040     000          
       3                                         .even
    1547                                         xbhx   ceudast,2                        ; and value
       1 012230 004767  002120                   jsr    pc,xbhx
       2 012234 012274                           .word  ceudast
       3 012236 000002                           .word  2
    1548                                         xascnl
       1 012240 004767  002040                   jsr    pc,xasciz
       2 012244    015     012     000           .asciz <15><12>
       3 012247    000                           .even
    1549 012250 005700                           tst    r0
    1550 012252 001314                           bne    11$
    1551 012254 012700  000001                   mov    #1,r0
    1552 012260 000207                           rts    pc
    1553                                20$:
    1554 012262 005000                           clr    r0
    1555 012264 000207                           rts    pc                               ; return
    1556                                ;
    1557                                ; data for initenc
    1558                                ;
    1559                                         .even
    1560 012266    042     066     000  weudast: .byte wcru,eudast,0,0
         012271    000                  
    1561                                          .even
    1562 012272    040     066          reudast: .byte rcru,eudast
    1563 012274 000000                  ceudast: .word 0
    1564                                
    1565 012276    151     156     151  seudast: .asciz /init: eudast did not update, value is /
         012301    164     072     040  
         012304    145     165     144  
         012307    141     163     164  
         012312    040     144     151  
         012315    144     040     156  
         012320    157     164     040  
         012323    165     160     144  
         012326    141     164     145  
         012331    054     040     166  
         012334    141     154     165  
         012337    145     040     151  
         012342    163     040     000  
    1566 012345    151     156     151  meudast: .asciz /init: eudast did not reset, value is /
         012350    164     072     040  
         012353    145     165     144  
         012356    141     163     164  
         012361    040     144     151  
         012364    144     040     156  
         012367    157     164     040  
         012372    162     145     163  
         012375    145     164     054  
         012400    040     166     141  
         012403    154     165     145  
         012406    040     151     163  
         012411    040     000          
    1567                                
    1568 012413    000                            .even
    1569 012414    040     140          rbia:    .byte rcru,maadr3l
    1570 012416    170     062     064  sbia:    .asciz /x24j600 bia: /
         012421    152     066     060  
         012424    060     040     142  
         012427    151     141     072  
         012432    040     000          
    1571                                
    1572                                         .even
    1573 012434    000     000     000  dbia:    .byte 0,0,0,0,0,0
         012437    000     000     000  
    1574                                
    1575                                         .even
    1576 012442    040     032          restat:  .byte rcru,estat
    1577 012444 000000                  destat:  .word 0
    1578                                
    1579                                         .even
    1580 012446    040     164          reidled: .byte rcru,eidled
    1581 012450 000000                  deidled: .word 0
    1582                                
    1583                                         .even
    1584 012452    044     156     020  qecon2:  .byte bfsu,econ2,20,0
         012455    000                  
    1585                                
    1586                                         .even
    1587 012456    042     004     000  werxst:  .byte wcru,erxst,0,0
         012461    000                  
    1588                                
    1589                                         .even
    1590 012462    042     006     000  werxtail:.byte wcru,erxtail,0,0
         012465    000                  
    1591                                
    1592                                         .even
    1593 012466    040     036          recon1:  .byte rcru,econ1
    1594 012470 000000                  decon1:  .word 0
    1595 012472    044     036     001  xecon1:  .byte bfsu,econ1,1,0
         012475    000                  
    1596 012476    044     036     002  tecon1:  .byte bfsu,econ1,2,0
         012501    000                  
    1597 012502    046     036     001  cecon1:  .byte bfcu,econ1,1,0     ; clear RXEN -- throttle chip while our 6-slot ring drains a backlog
         012505    000                  
    1598                                
    1599                                         .even
    1600 012506    046     036     004  cmiss:   .byte bfcu,econ1,4,0     ; clear rx_miss (bit 2, our own private extension -- see pktin)
         012511    000                  
    1601                                
    1602                                         .even
    1603 012512    040     156          recon2:  .byte rcru,econ2
    1604 012514 000000                  decon2:  .word 0
    1605                                
    1606                                         .even
    1607 012516    044     100     020  setlpbk: .byte bfsu,macon1,20,0
         012521    000                  
    1608                                
    1609                                         .even
    1610 012522    046     100     020  clrlpbk: .byte bfcu,macon1,20,0
         012525    000                  
    1611                                
    1612                                         .even
    1613 012526    044     064     004  snotmeen:.byte bfsu,erxfcon,4,0
         012531    000                  
    1614                                
    1615                                         .even
    1616 012532    046     064     004  cnotmeen:.byte bfcu,erxfcon,4,0
         012535    000                  
    1617                                
    1618                                         .even
    1619 012536    044     064     002  smcen:   .byte bfsu,erxfcon,2,0
         012541    000                  
    1620                                
    1621                                         .even
    1622 012542    046     064     002  cmcen:   .byte bfcu,erxfcon,2,0
         012545    000                  
    1623                                ;
    1624                                ; setlaa : set the mac address into the encx24j600 - note that this acts on the unicast receive filter only
    1625                                ;
    1626                                setlaa:
    1627                                         ; full 6-byte reversal -- see the read-path comment above.
    1628 012546 116767  000073  000056           movb   dlaa+5,wlaa+2
    1629 012554 116767  000064  000051           movb   dlaa+4,wlaa+3
    1630 012562 116767  000055  000044           movb   dlaa+3,wlaa+4
    1631 012570 116767  000046  000037           movb   dlaa+2,wlaa+5
    1632 012576 116767  000037  000032           movb   dlaa+1,wlaa+6
    1633 012604 116767  000030  000025           movb   dlaa+0,wlaa+7
    1634                                ;
    1635                                         xubl   wlaa,100
       1 012612 004767  000030                   jsr    pc,xubl
       2 012616 012630                           .word  wlaa                                ; wlaa  : from address - write to spi
       3 012620 000100                           .word  100                               ; 100 : from length in bits, multiple of 8 (lower three bits are ignored)
       4 012622 000000                           .word                                  ;   : to address - read from spi
       5 012624 000000                           .word                                 ;  : to length in bits, multiple of 8 (lower three bits are ignored)
    1636 012626 000207                           rts    pc
    1637                                
    1638                                         .even
    1639 012630    042     140          wlaa:    .byte  wcru,maadr3
    1640 012632    000     000     000           .byte  0,0,0,0,0,0                        ; this field is also used to store the laa in. If the laa is default, this should be zero; if not, the laa should be in here
         012635    000     000     000  
    1641                                ;
    1642 012640    000     000     000  dlaa:    .byte  0,0,0,0,0,0
         012643    000     000     000  
    1643                                
    1644                                         .even
    1645                                ;
    1646                                ; xubl stub routine
    1647                                ;
    1648                                xubl:
    1649 012646 010546                           mov r5,-(sp)
    1650 012650 016605  000002                   mov 2(sp),r5
    1651 012654 062766  000010  000002           add #10,2(sp)
    1652 012662 016537  000000  177000           mov 0(r5),@#177000
    1653 012670 016537  000004  177004           mov 4(r5),@#177004
    1654 012676 016537  000006  177006           mov 6(r5),@#177006
    1655 012704 016537  000002  177002           mov 2(r5),@#177002
    1656 012712 012605                           mov (sp)+,r5
    1657 012714 000207                           rts pc
    1658                                ;
    1659                                ; xubm stub routine
    1660                                ;
    1661                                xubm:
    1662 012716 010546                           mov r5,-(sp)
    1663 012720 016605  000002                   mov 2(sp),r5
    1664 012724 062766  000010  000002           add #10,2(sp)
    1665 012732 016537  000000  177100           mov 0(r5),@#177100
    1666 012740 016537  000002  177102           mov 2(r5),@#177102
    1667 012746 016537  000004  177104           mov 4(r5),@#177104
    1668 012754 016537  000006  177106           mov 6(r5),@#177106
    1669 012762 012605                           mov (sp)+,r5
    1670 012764 000207                           rts pc
    1671                                ;
    1672                                ; getpcbb: xubm the pcbb into our memory
    1673                                ;
    1674                                getpcbb:
    1675 012766 016737  002376  177100           mov    pcbbl,@#177100
    1676 012774 016737  002372  177102           mov    pcbbh,@#177102
    1677 013002 012737  015374  177104           mov    #pcbb,@#177104
    1678 013010 112737  000000  177107           movb   #0,@#177107
    1679 013016 112737  000010  177106           movb   #10,@#177106
    1680 013024 000207                           rts    pc
    1681                                ;
    1682                                ; putpcbb: xubm our pcbb copy into the unibus memory
    1683                                ;
    1684                                putpcbb:
    1685 013026 016737  002336  177100           mov    pcbbl,@#177100
    1686 013034 016737  002332  177102           mov    pcbbh,@#177102
    1687 013042 012737  015374  177104           mov    #pcbb,@#177104
    1688 013050 112737  000001  177107           movb   #1,@#177107
    1689 013056 112737  000010  177106           movb   #10,@#177106
    1690 013064 000207                           rts    pc
    1691                                ;
    1692                                ; getudbb: get udbb from unibus, address in pcbb must be valid and length must be set in udbblen
    1693                                ;
    1694                                getudbb:
    1695 013066 016737  002304  177100           mov    pcbb+2,@#177100
    1696 013074 016737  002300  177102           mov    pcbb+4,@#177102
    1697 013102 012737  015506  177104           mov    #udbb,@#177104
    1698 013110 112737  000000  177107           movb   #0,@#177107
    1699 013116 116737  002362  177106           movb   udbblen,@#177106
    1700 013124 000207                           rts    pc
    1701                                ;
    1702                                ; putudbb: move udbb to unibus, address in pcbb must be valid and length must be set in udbblen
    1703                                ;
    1704                                putudbb:
    1705 013126 016737  002244  177100           mov    pcbb+2,@#177100
    1706 013134 016737  002240  177102           mov    pcbb+4,@#177102
    1707 013142 012737  015506  177104           mov    #udbb,@#177104
    1708 013150 112737  000001  177107           movb   #1,@#177107
    1709 013156 116737  002322  177106           movb   udbblen,@#177106
    1710 013164 000207                           rts    pc
    1711                                ;
    1712                                ; getrdre: read receive descriptor ring entry from unibus
    1713                                ;
    1714                                getrdre:
    1715 013166 016737  002100  177100           mov    rcurrl,@#177100
    1716 013174 016737  002070  177102           mov    rcurrh,@#177102
    1717 013202 012737  015344  177104           mov    #rdre,@#177104
    1718 013210 112737  000000  177107           movb   #0,@#177107
    1719 013216 112737  000010  177106           movb   #10,@#177106
    1720                                
    1721 013224 026767  002042  002032           cmp    rcurrl,rdrmxl             ; need to wrap?
    1722 013232 001013                           bne    10$
    1723 013234 026767  002030  002020           cmp    rcurrh,rdrmxh
    1724 013242 001007                           bne    10$
    1725 013244 016767  002002  002022           mov    rdrbh,rnexth              ; wrap, rnext is first buffer in ring
    1726 013252 016767  001776  002016           mov    rdrbl,rnextl
    1727 013260 000420                           br     20$
    1728                                10$:
    1729 013262 016767  002004  002006           mov    rcurrl,rnextl
    1730 013270 016767  001774  001776           mov    rcurrh,rnexth
    1731 013276 066767  001754  001772           add    relen,rnextl
    1732 013304 005567  001764                   adc    rnexth
    1733 013310 066767  001742  001760           add    relen,rnextl                     ; words, so add twice
    1734 013316 005567  001752                   adc    rnexth
    1735                                20$:
    1736 013322 016737  001750  177100           mov    rnextl,@#177100
    1737 013330 016737  001740  177102           mov    rnexth,@#177102
    1738 013336 012737  015354  177104           mov    #rdre+10,@#177104
    1739 013344 112737  000000  177107           movb   #0,@#177107
    1740 013352 112737  000010  177106           movb   #10,@#177106
    1741 013360 000207                           rts    pc
    1742                                ;
    1743                                ; putrdre: copy receive descriptor ring entry back onto unibus
    1744                                ;
    1745                                putrdre:
    1746 013362 010046                           mov    r0,-(sp)
    1747 013364 010146                           mov    r1,-(sp)
    1748                                
    1749                                ;         xasciz <recvpl put : >
    1750                                ;         xwhx   rcurrh,2
    1751                                ;         xwhx   rcurrl,2
    1752                                ;         xasciz < >
    1753                                ;         xwhx   rdre,10
    1754                                ;         xascil
    1755                                
    1756 013366 016700  001700                   mov    rcurrl,r0
    1757 013372 016701  001672                   mov    rcurrh,r1
    1758 013376 062700  000004                   add    #4,r0
    1759 013402 005501                           adc    r1
    1760 013404 010037  177100                   mov    r0,@#177100
    1761 013410 010137  177102                   mov    r1,@#177102
    1762 013414 012737  015350  177104           mov    #rdre+4,@#177104
    1763 013422 112737  000001  177107           movb   #1,@#177107
    1764 013430 112737  000004  177106           movb   #4,@#177106
    1765 013436 012767  000001  001720           mov    #1,recvdw
    1766                                
    1767 013444 012601                           mov    (sp)+,r1
    1768 013446 012600                           mov    (sp)+,r0
    1769 013450 000207                           rts    pc
    1770                                ;
    1771                                ; putxdre: copy transmit descriptor ring entry back onto unibus
    1772                                ;
    1773                                putxdre:
    1774 013452 010046                           mov    r0,-(sp)
    1775 013454 010146                           mov    r1,-(sp)
    1776                                
    1777                                ;         xasciz <xmitpl put : >
    1778                                ;         xwhx   xcurrh,2
    1779                                ;         xwhx   xcurrl,2
    1780                                ;         xasciz < >
    1781                                ;         xwhx   xdre,10
    1782                                ;         xascil
    1783                                
    1784 013456 016700  001620                   mov    xcurrl,r0
    1785 013462 016701  001612                   mov    xcurrh,r1
    1786 013466 062700  000004                   add    #4,r0
    1787 013472 005501                           adc    r1
    1788 013474 010037  177100                   mov    r0,@#177100
    1789 013500 010137  177102                   mov    r1,@#177102
    1790 013504 012737  015330  177104           mov    #xdre+4,@#177104
    1791 013512 112737  000001  177107           movb   #1,@#177107
    1792 013520 112737  000004  177106           movb   #4,@#177106
    1793 013526 012767  000001  001632           mov    #1,xmitdw
    1794                                
    1795 013534 012601                           mov    (sp)+,r1
    1796 013536 012600                           mov    (sp)+,r0
    1797 013540 000207                           rts    pc
    1798                                ;
    1799                                ; getxcnh: copy transmit descriptor ring entry from unibus at xcurr into xdre, find which buf is next, copy that to xdre+10
    1800                                ;
    1801                                getxcnh:
    1802 013542 016737  001534  177100           mov    xcurrl,@#177100
    1803 013550 016737  001524  177102           mov    xcurrh,@#177102
    1804 013556 012737  015324  177104           mov    #xdre,@#177104
    1805 013564 112737  000000  177107           movb   #0,@#177107
    1806 013572 112737  000010  177106           movb   #10,@#177106
    1807                                
    1808 013600 026767  001476  001442           cmp    xcurrl,tdrmxl             ; need to wrap?
    1809 013606 001013                           bne    10$
    1810 013610 026767  001464  001430           cmp    xcurrh,tdrmxh
    1811 013616 001007                           bne    10$
    1812 013620 016767  001412  001456           mov    tdrbh,xnexth              ; wrap, xnext is first buffer in ring
    1813 013626 016767  001406  001452           mov    tdrbl,xnextl
    1814 013634 000420                           br     20$
    1815                                10$:
    1816 013636 016767  001440  001442           mov    xcurrl,xnextl
    1817 013644 016767  001430  001432           mov    xcurrh,xnexth
    1818 013652 066767  001364  001426           add    telen,xnextl
    1819 013660 005567  001420                   adc    xnexth
    1820 013664 066767  001352  001414           add    telen,xnextl                     ; words, so add twice
    1821 013672 005567  001406                   adc    xnexth
    1822                                20$:
    1823 013676 016737  001404  177100           mov    xnextl,@#177100
    1824 013704 016737  001374  177102           mov    xnexth,@#177102
    1825 013712 012737  015334  177104           mov    #xdre+10,@#177104
    1826 013720 112737  000000  177107           movb   #0,@#177107
    1827 013726 112737  000010  177106           movb   #10,@#177106
    1828                                
    1829                                ;         xasciz <getxcnh    : >
    1830                                ;         xwhx   xcurrh,2
    1831                                ;         xwhx   xcurrl,2
    1832                                ;         xasciz < >
    1833                                ;         xwhx   xnexth,2
    1834                                ;         xwhx   xnextl,2
    1835                                ;         xascil
    1836                                
    1837 013734 000207                           rts    pc
    1838                                ;
    1839                                ; getmlt: get udbb multicast list from unibus, address in pcbb must be valid
    1840                                ;
    1841                                getmlt:
    1842 013736 010046                           mov    r0,-(sp)
    1843 013740 016700  001442                   mov    mltlen,r0
    1844 013744 066700  001436                   add    mltlen,r0
    1845 013750 066700  001432                   add    mltlen,r0
    1846 013754 006300                           asl    r0
    1847 013756 022700  000074                   cmp    #74,r0
    1848 013762 002416                           blt    90$
    1849 013764 016737  001406  177100           mov    pcbb+2,@#177100
    1850 013772 016737  001402  177102           mov    pcbb+4,@#177102
    1851 014000 012737  015410  177104           mov    #mltlist,@#177104
    1852 014006 112737  000000  177107           movb   #0,@#177107
    1853 014014 110037  177106                   movb   r0,@#177106
    1854                                90$:
    1855 014020 012600                           mov    (sp)+,r0
    1856 014022 000207                           rts    pc
    1857                                ;
    1858                                ; putmlt: put udbb multicast list to unibus, address in pcbb must be valid
    1859                                ;
    1860                                putmlt:
    1861 014024 010046                           mov    r0,-(sp)
    1862 014026 026767  001352  001352           cmp    mltreq,mltlen
    1863 014034 003010                           bgt    10$
    1864 014036 016700  001344                   mov    mltlen,r0
    1865 014042 066700  001340                   add    mltlen,r0
    1866 014046 066700  001334                   add    mltlen,r0
    1867 014052 006300                           asl    r0
    1868 014054 000410                           br     20$
    1869                                10$:
    1870 014056 016700  001322                   mov    mltreq,r0
    1871 014062 066700  001316                   add    mltreq,r0
    1872 014066 066700  001312                   add    mltreq,r0
    1873 014072 006300                           asl    r0
    1874 014074 000400                           br     20$
    1875                                20$:
    1876 014076 022700  000074                   cmp    #74,r0
    1877 014102 002416                           blt    90$
    1878 014104 016737  001266  177100           mov    pcbb+2,@#177100
    1879 014112 016737  001262  177102           mov    pcbb+4,@#177102
    1880 014120 012737  015410  177104           mov    #mltlist,@#177104
    1881 014126 112737  000001  177107           movb   #1,@#177107
    1882 014134 110037  177106                   movb   r0,@#177106
    1883                                90$:
    1884 014140 012600                           mov    (sp)+,r0
    1885 014142 000207                           rts    pc
    1886                                ;
    1887                                ; set mode bits into chip
    1888                                ;
    1889                                setmodebits:
    1890 014144 032767  000004  001062           bit    #4,modebits
    1891 014152 001407                           beq    10$
    1892                                         xubl   setlpbk,40
       1 014154 004767  176466                   jsr    pc,xubl
       2 014160 012516                           .word  setlpbk                                ; setlpbk  : from address - write to spi
       3 014162 000040                           .word  40                               ; 40 : from length in bits, multiple of 8 (lower three bits are ignored)
       4 014164 000000                           .word                                  ;   : to address - read from spi
       5 014166 000000                           .word                                 ;  : to length in bits, multiple of 8 (lower three bits are ignored)
    1893 014170 000407                           br     19$
    1894                                10$:
    1895                                         xubl   clrlpbk,40
       1 014172 004767  176450                   jsr    pc,xubl
       2 014176 012522                           .word  clrlpbk                                ; clrlpbk  : from address - write to spi
       3 014200 000040                           .word  40                               ; 40 : from length in bits, multiple of 8 (lower three bits are ignored)
       4 014202 000000                           .word                                  ;   : to address - read from spi
       5 014204 000000                           .word                                 ;  : to length in bits, multiple of 8 (lower three bits are ignored)
    1896 014206 000400                           br     19$
    1897                                19$:
    1898                                ;
    1899 014210 032767  100000  001016           bit    #100000,modebits
    1900 014216 001407                           beq    20$
    1901                                         xubl   snotmeen,40
       1 014220 004767  176422                   jsr    pc,xubl
       2 014224 012526                           .word  snotmeen                                ; snotmeen  : from address - write to spi
       3 014226 000040                           .word  40                               ; 40 : from length in bits, multiple of 8 (lower three bits are ignored)
       4 014230 000000                           .word                                  ;   : to address - read from spi
       5 014232 000000                           .word                                 ;  : to length in bits, multiple of 8 (lower three bits are ignored)
    1902 014234 000407                           br     29$
    1903                                20$:
    1904                                         xubl   cnotmeen,40
       1 014236 004767  176404                   jsr    pc,xubl
       2 014242 012532                           .word  cnotmeen                                ; cnotmeen  : from address - write to spi
       3 014244 000040                           .word  40                               ; 40 : from length in bits, multiple of 8 (lower three bits are ignored)
       4 014246 000000                           .word                                  ;   : to address - read from spi
       5 014250 000000                           .word                                 ;  : to length in bits, multiple of 8 (lower three bits are ignored)
    1905 014252 000400                           br     29$
    1906                                29$:
    1907                                ;
    1908 014254 032767  020000  000752           bit    #20000,modebits
    1909 014262 001404                           beq    30$
    1910 014264 012767  000001  001030           mov    #1,drdc
    1911 014272 000403                           br     39$
    1912                                30$:
    1913 014274 005067  001022                   clr    drdc
    1914 014300 000400                           br     39$
    1915                                39$:
    1916 014302 000207                           rts    pc
    1917                                ;
    1918                                ; print an ascii zero terminated string, string directly follows jsr pc insn
    1919                                ;
    1920                                xasciz:
    1921 014304 010146                           mov r1,-(sp)                  ; push r1
    1922 014306 016601  000002                   mov 2(sp),r1                  ; set r1 to return address
    1923                                10$:
    1924 014312 105737  177564                   tstb @#177564                 ; output busy?
    1925 014316 100375                           bpl 10$                       ; yes, spin
    1926 014320 105711                           tstb (r1)                     ; byte zero?
    1927 014322 001403                           beq 20$                       ; yes, exit
    1928 014324 112137  177566                   movb (r1)+,@#177566           ; move byte into transmit register
    1929 014330 000770                           br 10$                        ; next byte
    1930                                20$:
    1931 014332 005201                           inc r1
    1932 014334 032701  000001                   bit #1,r1                     ; check if even address
    1933 014340 001401                           beq 30$                       ; yes
    1934 014342 005201                           inc r1                        ; no - move to next byte
    1935                                30$:
    1936 014344 010166  000002                   mov r1,2(sp)                  ; correct stored return address
    1937 014350 012601                           mov (sp)+,r1                  ; pop r1
    1938 014352 000207                           rts pc                        ; return to corrected pc
    1939                                ;
    1940                                ; print a variable number of hex bytes, separated by space
    1941                                ;
    1942                                xbhx:
    1943 014354 010546                           mov r5,-(sp)
    1944 014356 016605  000002                   mov 2(sp),r5
    1945 014362 062766  000004  000002           add #4,2(sp)
    1946 014370 010046                           mov r0,-(sp)
    1947 014372 010146                           mov r1,-(sp)
    1948 014374 010246                           mov r2,-(sp)
    1949 014376 016502  000000                   mov 0(r5),r2
    1950 014402 016500  000002                   mov 2(r5),r0
    1951                                10$:
    1952 014406 112201                           movb (r2)+,r1
    1953 014410 004767  000200                   jsr pc,bhexb
    1954 014414 005300                           dec r0
    1955 014416 005700                           tst r0
    1956 014420 001407                           beq 30$
    1957                                20$:
    1958 014422 105737  177564                   tstb @#177564                 ; output busy?
    1959 014426 100375                           bpl 20$                       ; yes, spin
    1960 014430 112737  000040  177566           movb #40,@#177566             ; move byte into transmit register
    1961 014436 000763                           br 10$
    1962                                30$:
    1963 014440 012602                           mov (sp)+,r2
    1964 014442 012601                           mov (sp)+,r1
    1965 014444 012600                           mov (sp)+,r0
    1966 014446 012605                           mov (sp)+,r5
    1967 014450 000207                           rts pc
    1968                                ;
    1969                                ; print a variable number of hex words, separated by space
    1970                                ;
    1971                                xwhx:
    1972 014452 010546                           mov r5,-(sp)
    1973 014454 016605  000002                   mov 2(sp),r5
    1974 014460 062766  000004  000002           add #4,2(sp)
    1975 014466 010046                           mov r0,-(sp)
    1976 014470 010146                           mov r1,-(sp)
    1977 014472 010246                           mov r2,-(sp)
    1978 014474 016502  000000                   mov 0(r5),r2
    1979 014500 016500  000002                   mov 2(r5),r0
    1980                                10$:
    1981 014504 012201                           mov (r2)+,r1                  ; load the word
    1982 014506 000301                           swab r1                       ; high byte first
    1983 014510 004767  000100                   jsr pc,bhexb
    1984 014514 000301                           swab r1                       ; swap to low byte
    1985 014516 004767  000072                   jsr pc,bhexb
    1986 014522 005300                           dec r0                        ; count in bytes, decrement twice
    1987 014524 005700                           tst r0                        ; but check for zero anyway - dont want 65536 words, ever
    1988 014526 001412                           beq 30$
    1989 014530 005300                           dec r0
    1990 014532 005700                           tst r0
    1991 014534 001407                           beq 30$
    1992                                20$:
    1993 014536 105737  177564                   tstb @#177564                 ; output busy?
    1994 014542 100375                           bpl 20$                       ; yes, spin
    1995 014544 112737  000040  177566           movb #40,@#177566             ; move byte into transmit register
    1996 014552 000754                           br 10$
    1997                                30$:
    1998 014554 012602                           mov (sp)+,r2
    1999 014556 012601                           mov (sp)+,r1
    2000 014560 012600                           mov (sp)+,r0
    2001 014562 012605                           mov (sp)+,r5
    2002 014564 000207                           rts pc
    2003                                ;
    2004                                ; print an ascii zero terminated string, r1 has pointer to string
    2005                                ;
    2006                                basciz:
    2007 014566 010146                           mov r1,-(sp)
    2008                                10$:
    2009 014570 105737  177564                   tstb @#177564                 ; output busy?
    2010 014574 100375                           bpl 10$                       ; yes, spin
    2011 014576 105711                           tstb (r1)                     ; byte zero?
    2012 014600 001403                           beq 20$                       ; yes, exit
    2013 014602 112137  177566                   movb (r1)+,@#177566           ; move byte into transmit register
    2014 014606 000770                           br 10$                        ; next byte
    2015                                20$:
    2016 014610 012601                           mov (sp)+,r1
    2017 014612 000207                           rts pc                        ; exit
    2018                                ;
    2019                                ; print a hex byte, contained in r1 lower byte
    2020                                ;
    2021                                bhexb:
    2022 014614 010046                           mov r0,-(sp)
    2023 014616 010146                           mov r1,-(sp)
    2024 014620 010100                           mov r1,r0
    2025 014622 006200                           asr r0
    2026 014624 006200                           asr r0
    2027 014626 006200                           asr r0
    2028 014630 006200                           asr r0
    2029 014632 042700  177760                   bic #177760,r0
    2030 014636 062700  015200                   add #hextab,r0
    2031                                10$:
    2032 014642 105737  177564                   tstb @#177564                 ; output busy?
    2033 014646 100375                           bpl 10$                       ; yes, spin
    2034 014650 111037  177566                   movb (r0),@#177566            ; move byte into transmit register
    2035 014654 042701  177760                   bic #177760,r1
    2036 014660 062701  015200                   add #hextab,r1
    2037                                20$:
    2038 014664 105737  177564                   tstb @#177564                 ; output busy?
    2039 014670 100375                           bpl 20$                       ; yes, spin
    2040 014672 111137  177566                   movb (r1),@#177566            ; move byte into transmit register
    2041 014676 012601                           mov (sp)+,r1
    2042 014700 012600                           mov (sp)+,r0
    2043 014702 000207                           rts pc
    2044                                ;
    2045                                ; print two hex bytes separated by space, followed by crlf. Input in bytes pointed to by r1
    2046                                ;
    2047                                bhx2:
    2048 014704 010046                           mov r0,-(sp)
    2049 014706 012700  000002                   mov #2,r0
    2050 014712 004767  000004                   jsr pc,bhx
    2051 014716 012600                           mov (sp)+,r0
    2052 014720 000207                           rts pc
    2053                                ;
    2054                                ; print a variable number of hex bytes, separated by space, followed by crlf. Input in bytes pointed to by r1, r0 has length of buffer.
    2055                                ;
    2056                                bhx:
    2057 014722 010146                           mov r1,-(sp)
    2058 014724 010246                           mov r2,-(sp)
    2059 014726 010102                           mov r1,r2
    2060                                10$:
    2061 014730 112201                           movb (r2)+,r1
    2062 014732 004767  177656                   jsr pc,bhexb
    2063 014736 005300                           dec r0
    2064 014740 005700                           tst r0
    2065 014742 001407                           beq 30$
    2066                                20$:
    2067 014744 105737  177564                   tstb @#177564                 ; output busy?
    2068 014750 100375                           bpl 20$                       ; yes, spin
    2069 014752 112737  000040  177566           movb #40,@#177566             ; move byte into transmit register
    2070 014760 000763                           br 10$
    2071                                30$:
    2072 014762 012602                           mov (sp)+,r2
    2073 014764 012601                           mov (sp)+,r1
    2074 014766 000207                           rts pc
    2075                                ;
    2076                                ; init - clear variables and status registers to their initial values
    2077                                ;
    2078                                init:
    2079 014770 005067  000224                   clr    running
    2080 014774 005067  000226                   clr    flen
    2081 015000 005067  000316                   clr    drdc
    2082 015004 005067  000224                   clr    modebits
    2083                                
    2084 015010 005067  000222                   clr    tdrbh
    2085 015014 005067  000220                   clr    tdrbl
    2086 015020 005067  000216                   clr    telen
    2087 015024 005067  000214                   clr    trlen
    2088 015030 005067  000216                   clr    rdrbh
    2089 015034 005067  000214                   clr    rdrbl
    2090 015040 005067  000212                   clr    relen
    2091 015044 005067  000210                   clr    rrlen
    2092                                
    2093 015050 005067  000226                   clr    xcurrl
    2094 015054 005067  000220                   clr    xcurrh
    2095 015060 005067  000206                   clr    rcurrl
    2096 015064 005067  000200                   clr    rcurrh
    2097                                
    2098 015070 012737  000000  174510           mov    #0,@#174510               ; pcsr0 - clear any pending interrupts
    2099 015076 012737  000000  174512           mov    #0,@#174512               ; pcsr1 - state=reset
    2100 015104 012737  000000  174514           mov    #0,@#174514               ; pcsr2
    2101 015112 012737  000000  174516           mov    #0,@#174516               ; pcsr3
    2102                                
    2103 015120 000207                           rts    pc
    2104                                ;
    2105                                ; waitabit - wait loop for 65535 cycles
    2106                                ;
    2107                                waitabit:
    2108 015122 010046                           mov r0,-(sp)
    2109 015124 005000                           clr r0
    2110                                10$:
    2111 015126 005200                           inc r0
    2112 015130 001376                           bne 10$
    2113 015132 012600                           mov (sp)+,r0
    2114 015134 000207                           rts pc
    2115                                ;
    2116                                ; dog - timer service routine, watchdog timer
    2117                                ;
    2118                                dog:
    2119 015136 005267  000070                   inc dogtick
    2120 015142 022767  001130  000062           cmp #600.,dogtick             ; assuming 60hz clock, 10 seconds
    2121 015150 003012                           bgt 90$
    2122                                         xascil <dog barks>
       1 015152 004767  177126                   jsr    pc,xasciz
       2 015156    144     157     147           .ascii /dog barks/
         015161    040     142     141  
         015164    162     153     163  
       3 015167    015     012     000           .asciz <15><12>
       4                                         .even
    2123 015172 000167  163602                   jmp t45
    2124                                90$:
    2125 015176 000002                           rti
    2126                                ;
    2127                                ; data
    2128                                ;
    2129 015200    060     061     062  hextab:  .ascii /0123456789abcdef/
         015203    063     064     065  
         015206    066     067     070  
         015211    071     141     142  
         015214    143     144     145  
         015217    146                  
    2130                                
    2131                                         .even
    2132 015220 000000                  running: .word 0                       ; if nonzero, then recv/xmit is active
    2133 015222 000000                  rxdis:   .word 0                       ; nonzero while RXEN is held clear to drain a backlog
    2134 015224 000000                  npp:     .word 0                       ; the next packet pointer in the encx24j600
    2135 015226 000000                  flen:    .word 0                       ; frame length in the encx24j600 received frame header
    2136 015230 000000                  p0cmd:   .word 0                       ; masked off value of the pcsr0
    2137                                ;
    2138 015232 000000                  dogtick: .word 0                       ; watchdog timer value
    2139                                ;
    2140 015234 000000                  modebits:.word 0                       ; fc14/15 format mode bits word
    2141                                ;
    2142 015236 000000                  tdrbh:   .word 0
    2143 015240 000000                  tdrbl:   .word 0
    2144 015242 000000                  telen:   .word 0
    2145 015244 000000                  trlen:   .word 0
    2146 015246 000000                  tdrmxh:  .word 0
    2147 015250 000000                  tdrmxl:  .word 0
    2148                                
    2149 015252 000000                  rdrbh:   .word 0
    2150 015254 000000                  rdrbl:   .word 0
    2151 015256 000000                  relen:   .word 0
    2152 015260 000000                  rrlen:   .word 0
    2153 015262 000000                  rdrmxh:  .word 0
    2154 015264 000000                  rdrmxl:  .word 0
    2155                                ;
    2156 015266 000000                  xplrun:  .word 0                       ; xmitpl status, between start and end
    2157                                ;
    2158 015270 000000                  rcurrh:  .word 0
    2159 015272 000000                  rcurrl:  .word 0
    2160                                ;
    2161 015274 000000                  rnexth:  .word 0
    2162 015276 000000                  rnextl:  .word 0
    2163                                ;
    2164 015300 000000                  xcurrh:  .word 0                       ; xmit current address, h
    2165 015302 000000                  xcurrl:  .word 0                       ; xmit current address, l
    2166                                ;
    2167 015304 000000                  xnexth:  .word 0                       ; xmit next address, h
    2168 015306 000000                  xnextl:  .word 0                       ; xmit next address, l
    2169                                ;
    2170 015310 000000                  xolddh:  .word 0                       ; xmit old address, h
    2171 015312 000000                  xolddl:  .word 0                       ; xmit old address, l
    2172                                ;
    2173 015314 000000                  xmitlen: .word 0                       ; current frame length
    2174                                ;
    2175 015316 000000                  xmitmch: .word 0                       ; xmit frame should have match bit set in enp buffer
    2176                                ;
    2177 015320 000000                  mlen:    .word 0                       ; received message length placed in buffer
    2178                                ;
    2179 015322 000000                  drdc:    .word 0                       ; disable recv data chaining
    2180                                ;
    2181 015324 000000  000000  000000  xdre:    .word 0,0,0,0,0,0,0,0         ; work area, transmit descriptor (curr+next)
         015332 000000  000000  000000  
         015340 000000  000000          
    2182                                ;
    2183 015344 000000  000000  000000  rdre:    .word 0,0,0,0,0,0,0,0         ; work area, receive descriptor (curr+next)
         015352 000000  000000  000000  
         015360 000000  000000          
    2184                                ;
    2185 015364 000000                  recvdw:  .word 0                       ; flag receive did work
    2186 015366 000000                  xmitdw:  .word 0                       ; flag transmit did work
    2187                                ;
    2188 015370 000000                  pcbbl:   .word 0
    2189 015372 000000                  pcbbh:   .word 0
    2190 015374 000000  000000  000000  pcbb:    .word 0,0,0,0
         015402 000000                  
    2191                                ;
    2192 015404 000000                  mltreq:  .word 0
    2193 015406 000000                  mltlen:  .word 0
    2194 015410                         mltlist: .blkw 36
    2195                                ;
    2196 015504 000000                  udbblen: .word 0
    2197 015506 000000  000000  000000  udbb:    .word 0,0,0,0,0,0,0,0,0,0,0,0,0,0,0,0             ; 32 words
         015514 000000  000000  000000  
         015522 000000  000000  000000  
         015530 000000  000000  000000  
         015536 000000  000000  000000  
         015544 000000                  
    2198 015546 000000  000000  000000           .word 0,0,0,0,0,0,0,0,0,0,0,0,0,0,0,0
         015554 000000  000000  000000  
         015562 000000  000000  000000  
         015570 000000  000000  000000  
         015576 000000  000000  000000  
         015604 000000                  
    2199                                ;
    2200 015606    000                  pktcnt:  .byte 0
    2201 015607    000                           .even
    2202 015610 000000                  workw:   .word 0
    2203                                         .even
    2204 015612 000000  000000  000000  buf:     .word 0,0,0,0,0,0,0,0,0,0,0,0,0,0,0,0,0,0,0,0
         015620 000000  000000  000000  
         015626 000000  000000  000000  
         015634 000000  000000  000000  
         015642 000000  000000  000000  
         015650 000000  000000  000000  
         015656 000000  000000          
    2205 015662 000000  000000  000000           .word 0,0,0,0,0,0,0,0,0,0,0,0,0,0,0,0,0,0,0,0
         015670 000000  000000  000000  
         015676 000000  000000  000000  
         015704 000000  000000  000000  
         015712 000000  000000  000000  
         015720 000000  000000  000000  
         015726 000000  000000          
    2206 015732 000000  000000  000000           .word 0,0,0,0,0,0,0,0,0,0,0,0,0,0,0,0,0,0,0,0
         015740 000000  000000  000000  
         015746 000000  000000  000000  
         015754 000000  000000  000000  
         015762 000000  000000  000000  
         015770 000000  000000  000000  
         015776 000000  000000          
    2206                                
